상품명,가격,링크
삼성 <b>노트북</b> 플러스2 업무용 재택근무 저렴한 인강용 사무용 싼 가성비 <b>노트북</b> 한컴오피스,499000,https://search.shopping.naver.com/gate.nhn?id=82592250321
삼성전자 갤럭시북 프로360 NT950QDY-A51A,1440000,https://search.shopping.naver.com/gate.nhn?id=26962413523
삼성전자 갤럭시북 NT761XDZ-G78A,1599000,https://search.shopping.naver.com/gate.nhn?id=31553768618
LG전자 그램17 17ZD90P-GX56K,1210470,https://search.shopping.naver.com/gate.nhn?id=25886897522
삼성전자 <b>노트북</b> 플러스2 NT550XDA-K14A,468000,https://search.shopping.naver.com/gate.nhn?id=26529080523
삼성전자 갤럭시북2 프로 NT950XEV-G51A,1599000,https://search.shopping.naver.com/gate.nhn?id=31302646618
LG전자 LG그램 16ZD95P-GX56K,1274590,https://search.shopping.naver.com/gate.nhn?id=30244840618
삼성전자 갤럭시북2 NT750XEW-A71A,1349000,https://search.shopping.naver.com/gate.nhn?id=32655657619
LG전자 LG그램 15ZD95P-GX56K,1178860,https://search.shopping.naver.com/gate.nhn?id=30244441618
삼성전자 <b>노트북</b> 플러스2 NT550XDZ-AD5A,699000,https://search.shopping.naver.com/gate.nhn?id=28482155554
LG전자 LG그램 17Z95P-GA76K,1746580,https://search.shopping.naver.com/gate.nhn?id=30244036618
LG전자 울트라PC 15UD40Q-GX30K,530150,https://search.shopping.naver.com/gate.nhn?id=30001810618
삼성전자 갤럭시북2 NT750XEW-A51A,1049000,https://search.shopping.naver.com/gate.nhn?id=32655347621
삼성전자 갤럭시북 프로360 NT950QDB-K71A,1582520,https://search.shopping.naver.com/gate.nhn?id=26955662522
삼성전자 갤럭시북2 프로 NT930XEW-A51A,1399000,https://search.shopping.naver.com/gate.nhn?id=31302647618
LG전자 LG그램 17ZD90Q-EX76K,2048180,https://search.shopping.naver.com/gate.nhn?id=31433706618
LG전자 그램360 16TD90P-GXF6K,1377940,https://search.shopping.naver.com/gate.nhn?id=30314779618
삼성전자 갤럭시북2 프로 NT950XEW-A51A,1499000,https://search.shopping.naver.com/gate.nhn?id=31313654618
삼성전자 갤럭시북 NT750XDZ-A51A,898990,https://search.shopping.naver.com/gate.nhn?id=27175663523
레노버 Slim3 15ITL 5D,579000,https://search.shopping.naver.com/gate.nhn?id=27126083522
삼성전자 갤럭시북2 프로360 NT950QEW-A51A,1899000,https://search.shopping.naver.com/gate.nhn?id=31319663618
LG전자 LG그램 17ZD90Q-EX56K,1924790,https://search.shopping.naver.com/gate.nhn?id=31420570618
LG전자 그램16 16ZD90P-GX56K,1268930,https://search.shopping.naver.com/gate.nhn?id=25833665522
Apple 맥북 에어 2020년형 M1 256G 스페이스 그레이 (MGN63KH/A),1282700,https://search.shopping.naver.com/gate.nhn?id=26101847522
LG전자 그램17 17ZD90P-GX76K,1418990,https://search.shopping.naver.com/gate.nhn?id=25862548522
디클 클릭북 D141+,259000,https://search.shopping.naver.com/gate.nhn?id=10776767442
2022년형 512GB이벤트 ASUS TUF 게이밍 게임 고사양 17인치 영상편집 <b>노트북</b>,1099000,https://search.shopping.naver.com/gate.nhn?id=83231392156
삼성전자 갤럭시북2 프로 NT950XEE-X71A,1999000,https://search.shopping.naver.com/gate.nhn?id=31319676618
LG전자 LG그램 15ZD90Q-GX56K,1497900,https://search.shopping.naver.com/gate.nhn?id=32865124618
삼성전자 갤럭시북2 프로360 NT950QED-K71A,2199880,https://search.shopping.naver.com/gate.nhn?id=31302323618
디클 클릭북 D14 Win11,299000,https://search.shopping.naver.com/gate.nhn?id=32267152618
한성컴퓨터 TFX5560U,769000,https://search.shopping.naver.com/gate.nhn?id=30629666618
삼성전자 갤럭시북2 NT550XEZ-A58A,799000,https://search.shopping.naver.com/gate.nhn?id=32914807618
삼성전자 <b>노트북</b> 플러스2 NT550XDA-K78A,1168000,https://search.shopping.naver.com/gate.nhn?id=25403427522
ASUS 비보북 X513EA-BQ031,635630,https://search.shopping.naver.com/gate.nhn?id=24684470526
삼성전자 갤럭시북 프로360 NT930QDY-A51A,1349000,https://search.shopping.naver.com/gate.nhn?id=26963354522
삼성전자 갤럭시북 NT750XDA-X71A,1349000,https://search.shopping.naver.com/gate.nhn?id=29327500618
Apple 맥북 에어 2020년형 M1 256G 실버 (MGN93KH/A),1310000,https://search.shopping.naver.com/gate.nhn?id=25039820524
삼성전자 갤럭시북 프로360 NT950QDB-KC72N,1580180,https://search.shopping.naver.com/gate.nhn?id=29313451618
레노버 Slim3 14ALC R5,453150,https://search.shopping.naver.com/gate.nhn?id=27395557522
<b>노트북</b>렌탈 게이밍 삼성 갤럭시북 LG그램 가정용 초경량 5년약정,39500,https://search.shopping.naver.com/gate.nhn?id=33282265279
LG전자 그램16 16ZD90P-GX76K,1312800,https://search.shopping.naver.com/gate.nhn?id=25798691522
LG전자 울트라PC 15UD50Q-GX50K,813990,https://search.shopping.naver.com/gate.nhn?id=33190489618
디클 클릭북 D17,369000,https://search.shopping.naver.com/gate.nhn?id=20335123909
한성컴퓨터 TFG7576XG,1659000,https://search.shopping.naver.com/gate.nhn?id=28511626554
LG전자 LG그램 17ZD90Q-GX76K,1969100,https://search.shopping.naver.com/gate.nhn?id=31409836618
삼성전자 갤럭시북 NT750XDZ-AM58S,747990,https://search.shopping.naver.com/gate.nhn?id=30528779620
디클 클릭북 D14u Win11,359000,https://search.shopping.naver.com/gate.nhn?id=31081235618
디클 클릭북 D11 plus,289000,https://search.shopping.naver.com/gate.nhn?id=29651098618
한성컴퓨터 올데이롱 TFX5556U,929000,https://search.shopping.naver.com/gate.nhn?id=31946629619
LG전자 그램360 16TD90Q-GX56K,1764000,https://search.shopping.naver.com/gate.nhn?id=31452540618
LG전자 울트라PC 15UD50P-KX70K,1028990,https://search.shopping.naver.com/gate.nhn?id=26279388522
한성컴퓨터 TFG7277LC,2749000,https://search.shopping.naver.com/gate.nhn?id=32133256619
LG전자 그램360 14TD90P-GX5GK,1210300,https://search.shopping.naver.com/gate.nhn?id=30378381618
LG전자 LG그램 16Z95P-GA56K,1558000,https://search.shopping.naver.com/gate.nhn?id=30244655618
LG전자 울트라PC 15U50P-GR5SK,866990,https://search.shopping.naver.com/gate.nhn?id=30678348619
삼성전자 갤럭시북2 프로 NT930XED-K71A,1849000,https://search.shopping.naver.com/gate.nhn?id=31313651618
삼성전자 삼성 NT350XCR-A58M,590000,https://search.shopping.naver.com/gate.nhn?id=25151436528
ASUS ROG Flow Z13 GZ301ZE-LC032W,2599000,https://search.shopping.naver.com/gate.nhn?id=32548467618
LG전자 LG그램 16ZD90Q-EX56K,1808000,https://search.shopping.naver.com/gate.nhn?id=31437074618
LG전자 LG그램 15Z95P-GA76K,1558990,https://search.shopping.naver.com/gate.nhn?id=30244322618
삼성전자 갤럭시북2 프로 NT950XEE-XC71S,1839990,https://search.shopping.naver.com/gate.nhn?id=31470692618
LG전자 LG그램 14ZD95P-GX50K,1186350,https://search.shopping.naver.com/gate.nhn?id=30427923619
삼성전자 갤럭시북2 프로360 NT950QED-KC71G,2014790,https://search.shopping.naver.com/gate.nhn?id=31516220621
LG전자 LG그램 17ZD95P-GX76K,1502990,https://search.shopping.naver.com/gate.nhn?id=30281736619
삼성전자 갤럭시북2 프로360 NT930QEW-A51A,1749000,https://search.shopping.naver.com/gate.nhn?id=31318157619
레노버 아이디어패드 Slim3-15ITL 3D,429000,https://search.shopping.naver.com/gate.nhn?id=27377480528
LG전자 울트라PC 15UD40Q-GX50K,737680,https://search.shopping.naver.com/gate.nhn?id=30073734618
LG전자 LG그램 16ZD95P-GX76K,1386490,https://search.shopping.naver.com/gate.nhn?id=30244720618
LG전자 LG그램 17Z90Q-EA76K,2454490,https://search.shopping.naver.com/gate.nhn?id=31433694618
LG전자 울트라PC 15UD50P-GX30K,560300,https://search.shopping.naver.com/gate.nhn?id=25916227522
LG전자 울트라PC 13UD70Q-GX30K,578890,https://search.shopping.naver.com/gate.nhn?id=29894664618
삼성전자 <b>노트북</b> 플러스2 NT550XDZ-AD1A,449000,https://search.shopping.naver.com/gate.nhn?id=25313173522
삼성전자 <b>노트북</b> 플러스2 NT550XDA-K24A,549000,https://search.shopping.naver.com/gate.nhn?id=26760806522
LG전자 LG그램 16Z95P-GA76K,1648990,https://search.shopping.naver.com/gate.nhn?id=30244741618
LG전자 울트라PC 15UD50P-GX50K,791890,https://search.shopping.naver.com/gate.nhn?id=25915882523
Apple 맥북 에어 2022년 M2 8코어 CPU 및 8코어 GPU 256G 미드나이트 (MLY33KH/A),1622400,https://search.shopping.naver.com/gate.nhn?id=33092527619
LG전자 LG그램 16ZD95P-GX5LK,1293580,https://search.shopping.naver.com/gate.nhn?id=30366898618
LG전자 울트라PC 15U40Q-GR5SK,770990,https://search.shopping.naver.com/gate.nhn?id=30587232619
MSI Sword GF76 A11UE 블랙,1408990,https://search.shopping.naver.com/gate.nhn?id=28091732525
LG전자 그램360 14TD90Q-GX5PK,1678000,https://search.shopping.naver.com/gate.nhn?id=32454618618
LG전자 LG그램 16ZD90Q-GX56K,1652930,https://search.shopping.naver.com/gate.nhn?id=31438965618
삼성전자 <b>노트북</b> 플러스2 NT560XDZ-G78A,1398990,https://search.shopping.naver.com/gate.nhn?id=25312407522
디클 클릭북 D15 4GB Win10,309000,https://search.shopping.naver.com/gate.nhn?id=27490065522
삼성전자 갤럭시북 S NT767XCM-K38,798000,https://search.shopping.naver.com/gate.nhn?id=23878612522
ASUS 비보북프로 15 OLED K3500PC-L1154,1086940,https://search.shopping.naver.com/gate.nhn?id=30001057620
삼성전자 삼성 NT350XCR-AD5WA,689390,https://search.shopping.naver.com/gate.nhn?id=23487605490
삼성전자 갤럭시북 프로 NT950XDB-KC59S,1314590,https://search.shopping.naver.com/gate.nhn?id=29328943621
LG전자 LG그램 16ZD90Q-EX76K,1954000,https://search.shopping.naver.com/gate.nhn?id=31422839622
삼성전자 <b>노트북</b> 플러스2 NT550XDZ-AD5AW,698990,https://search.shopping.naver.com/gate.nhn?id=25312635522
삼성전자 갤럭시북 프로 NT950XDC-X71A,1648990,https://search.shopping.naver.com/gate.nhn?id=26963856522
LG전자 울트라PC 16UD70Q-GX56K,998990,https://search.shopping.naver.com/gate.nhn?id=33517289618
마이크로소프트 서피스 프로8 8PT-00030,1725000,https://search.shopping.naver.com/gate.nhn?id=30496630618
삼성전자 갤럭시북 프로 NT950XDX-G51A,1299000,https://search.shopping.naver.com/gate.nhn?id=26964275522
ASUS 비보북프로 15 OLED M3500QC-L1110,1099000,https://search.shopping.naver.com/gate.nhn?id=33743102618
LG전자 울트라PC 14U390-ME1TK,378990,https://search.shopping.naver.com/gate.nhn?id=23642473490
삼성전자 갤럭시북 프로 NT950XDY-A51A,1248990,https://search.shopping.naver.com/gate.nhn?id=26964351522
삼성전자 갤럭시북2 프로 NT950XED-K71A,1899000,https://search.shopping.naver.com/gate.nhn?id=31302532618
LG전자 LG그램 17Z95P-GA56K,1503800,https://search.shopping.naver.com/gate.nhn?id=30229034619
삼성전자 오디세이 NT850XCR-HD7A,1299000,https://search.shopping.naver.com/gate.nhn?id=24041937522
삼성전자 갤럭시북2 프로360 NT930QED-K71A,2248000,https://search.shopping.naver.com/gate.nhn?id=31318535618
Apple 맥북 에어 2020년형 M1 256G 골드 (MGND3KH/A),1251000,https://search.shopping.naver.com/gate.nhn?id=26101850523
MSI GP76 Leopard 11UG,1619000,https://search.shopping.naver.com/gate.nhn?id=27288763522
레노버 아이디어패드 Slim5-15ITL Premiere Plus i5,769000,https://search.shopping.naver.com/gate.nhn?id=26022057522
LG전자 그램14 14ZD90P-GX50K,1186350,https://search.shopping.naver.com/gate.nhn?id=25310958522
디클 클릭북 프로 A50 R5 W10,639000,https://search.shopping.naver.com/gate.nhn?id=30971479618
레노버 리전 5 Pro 16ACH R7 STORM 3070 DOS,1869000,https://search.shopping.naver.com/gate.nhn?id=31352558618
LG전자 울트라PC 16UD70Q-HX56K,1098890,https://search.shopping.naver.com/gate.nhn?id=33517495618
삼성전자 <b>노트북</b> 플러스 NT550XCR-AD5A,667190,https://search.shopping.naver.com/gate.nhn?id=22508532093
삼성전자 <b>노트북</b> 플러스 NT550XCJ-K24W,461990,https://search.shopping.naver.com/gate.nhn?id=30452250621
[렌탈] LG 그램 단기 <b>노트북</b>렌탈 7일 사무용 가정용 대여 임대,39000,https://search.shopping.naver.com/gate.nhn?id=83683630566
LG전자 울트라PC 16UD70Q-GX76K,1265990,https://search.shopping.naver.com/gate.nhn?id=33501396618
LG그램 2022 14인치 초경량 인강용 업무용 저가 대학생 가성비 <b>노트북</b> 저렴 싼 사무용,799000,https://search.shopping.naver.com/gate.nhn?id=83964355878
Apple 맥북 프로 14형 2021년 M1 Pro 8코어 CPU 및 14코어 GPU 512G 스페이스 그레이 (MKGP3KH/A),2479690,https://search.shopping.naver.com/gate.nhn?id=29412775622
레노버 Gaming 3 15ACH R5 3060 PRO,1139000,https://search.shopping.naver.com/gate.nhn?id=28067035522
레노버 V15 GEN2-82KD000UKR,422990,https://search.shopping.naver.com/gate.nhn?id=26615918522
삼성전자 갤럭시북 NT750XDA-KC39S,796000,https://search.shopping.naver.com/gate.nhn?id=30527009619
MSI 모던14 B11M-i5 카본 그레이,548990,https://search.shopping.naver.com/gate.nhn?id=24994520522
삼성전자 삼성 NT350XCR-A78MW,650990,https://search.shopping.naver.com/gate.nhn?id=25689974522
Apple 맥북 에어 2022년 M2 8코어 CPU 및 8코어 GPU 256G 스페이스 그레이 (MLXW3KH/A),1589445,https://search.shopping.naver.com/gate.nhn?id=33094298618
삼성전자 갤럭시북2 프로360 NT950QED-KC71D,2015030,https://search.shopping.naver.com/gate.nhn?id=31436197619
삼성전자 <b>노트북</b> 플러스2 NT550XDZ-AD3A,658990,https://search.shopping.naver.com/gate.nhn?id=30365353618
디클 클릭북 프로 A50 R5,559000,https://search.shopping.naver.com/gate.nhn?id=28302467554
삼성전자 갤럭시북 NT750XDZ-A71A,1285310,https://search.shopping.naver.com/gate.nhn?id=27175491522
삼성전자 갤럭시북 S NT767XCL-KLTE,948000,https://search.shopping.naver.com/gate.nhn?id=23309894491
삼성전자 갤럭시북 프로360 NT930QDB-K71A,1589990,https://search.shopping.naver.com/gate.nhn?id=26962562522
ASUS F15 FX506LH-HN002,849000,https://search.shopping.naver.com/gate.nhn?id=27596915524
LG전자 울트라PC 15UD40N-GX36K,517550,https://search.shopping.naver.com/gate.nhn?id=23706445491
삼성전자 갤럭시북 NT750XDA-KC59S,988500,https://search.shopping.naver.com/gate.nhn?id=29299132623
레노버 LEGION 5 Pro 16ACH R7 STORM 3060,1699000,https://search.shopping.naver.com/gate.nhn?id=27085580522
LG전자 울트라PC 13UD70Q-GX50K,718990,https://search.shopping.naver.com/gate.nhn?id=29880555618
삼성전자 갤럭시북 플렉스2 NT950QDA-X71AZ,1598000,https://search.shopping.naver.com/gate.nhn?id=25308665522
LG전자 울트라PC 15U50P-GR56K,830380,https://search.shopping.naver.com/gate.nhn?id=25787519522
삼성전자 갤럭시북2 프로360 NT950QED-K71AR,2799000,https://search.shopping.naver.com/gate.nhn?id=31658871618
LG전자 그램16 16ZD90P-GX50K,1238190,https://search.shopping.naver.com/gate.nhn?id=25255963522
ASUS 젠북 14 OLED UX3402ZA-KM053,1249000,https://search.shopping.naver.com/gate.nhn?id=32354145623
LG전자 LG그램 15Z90Q-GA56K,1827990,https://search.shopping.naver.com/gate.nhn?id=32355875618
LG전자 그램17 17ZD90P-GX5SK,1258940,https://search.shopping.naver.com/gate.nhn?id=29042577586
ASUS 비보북 15 OLED M513UA-L1284,799000,https://search.shopping.naver.com/gate.nhn?id=29125041589
삼성전자 <b>노트북</b> 플러스2 NT550XDA-KC35W,682380,https://search.shopping.naver.com/gate.nhn?id=25565262522
Apple 맥북 프로 16형 2021년 M1 Pro 10코어 CPU 및 16코어 GPU 512G 스페이스 그레이 (MK183KH/A),3070000,https://search.shopping.naver.com/gate.nhn?id=29413184619
LG전자 울트라PC 15U40N-GR56K,778720,https://search.shopping.naver.com/gate.nhn?id=23689778498
LG전자 LG그램 16ZD95P-GX5BK,1151930,https://search.shopping.naver.com/gate.nhn?id=30244856619
삼성전자 갤럭시북 이온2 NT950XDZ-A58AW,1398990,https://search.shopping.naver.com/gate.nhn?id=25310546522
LG전자 울트라PC 14U30P-E316K,358990,https://search.shopping.naver.com/gate.nhn?id=29802445618
삼성전자 갤럭시북2 프로 NT950XEE-X71AR,2499000,https://search.shopping.naver.com/gate.nhn?id=31676723618
레노버 아이디어패드 Slim3-15ALC R5,432020,https://search.shopping.naver.com/gate.nhn?id=30144042618
삼성전자 갤럭시북2 프로 NT950XED-KC51S,1533540,https://search.shopping.naver.com/gate.nhn?id=31419917618
LG전자 울트라PC 15U40Q-GR36K,568990,https://search.shopping.naver.com/gate.nhn?id=30014818620
MSI GP66 Leopard 11UG QHD,1519000,https://search.shopping.naver.com/gate.nhn?id=28656612554
Apple 맥북 에어 2020년형 M1 512G 스페이스 그레이 (MGN73KH/A),1475500,https://search.shopping.naver.com/gate.nhn?id=25039254526
LG전자 울트라기어 17UD70P-PX76K,1638990,https://search.shopping.naver.com/gate.nhn?id=26599675522
레노버 씽크패드 E15 G3-20YJ0000KD,696200,https://search.shopping.naver.com/gate.nhn?id=28125855526
LG전자 LG그램 17ZD95P-GX56K,1398940,https://search.shopping.naver.com/gate.nhn?id=30244039619
기가바이트 G5 KD Gen11 i5 LE,999000,https://search.shopping.naver.com/gate.nhn?id=32256030618
LG전자 그램15 15ZD995-LX20K,658720,https://search.shopping.naver.com/gate.nhn?id=23909737522
LG전자 울트라PC 17UD70P-GX56K,963900,https://search.shopping.naver.com/gate.nhn?id=26658896522
삼성전자 갤럭시북 프로 NT930XDY-A51A,1298990,https://search.shopping.naver.com/gate.nhn?id=26965594523
주연테크 리오나인 젠 L8CS37,1599000,https://search.shopping.naver.com/gate.nhn?id=30703452618
LG전자 LG그램 15ZD95N-LX20K,764990,https://search.shopping.naver.com/gate.nhn?id=31514783619
레노버 아이디어패드 Slim3 15ABA7 R5 DOS,567150,https://search.shopping.naver.com/gate.nhn?id=32917151618
LG전자 LG그램 16Z95P-GA5LK,1398990,https://search.shopping.naver.com/gate.nhn?id=30244739618
LG전자 그램360 16TD90P-GX5DK,1227980,https://search.shopping.naver.com/gate.nhn?id=30378458619
포유디지탈 아이뮤즈 스톰북 윈도우10포함,279000,https://search.shopping.naver.com/gate.nhn?id=23564574490
삼성전자 갤럭시북 프로360 NT950QDB-KC72S,1542030,https://search.shopping.naver.com/gate.nhn?id=29139781619
HP 15S-EQ3043AU,499000,https://search.shopping.naver.com/gate.nhn?id=32144904618
삼성전자 삼성 NT350XCR-AD5AS,688800,https://search.shopping.naver.com/gate.nhn?id=25228569522
삼성전자 갤럭시북 플렉스 NT950QCG-X716A,2290000,https://search.shopping.naver.com/gate.nhn?id=21490590936
레노버 리전 5 17ACH R7 3060,1305000,https://search.shopping.naver.com/gate.nhn?id=28742210554
LG전자 LG그램 14ZD95P-GX56K,1340740,https://search.shopping.naver.com/gate.nhn?id=30442844619
[대여] 게이밍<b>노트북</b>렌탈 최신 2020년 i7 17형 고사양<b>노트북</b> 임대렌트(감사행사중),19500,https://search.shopping.naver.com/gate.nhn?id=82482413450
LG전자 LG그램 15Z95P-GA5LK,1438990,https://search.shopping.naver.com/gate.nhn?id=30281791618
LG전자 그램17 17ZD90P-GX50K,1389980,https://search.shopping.naver.com/gate.nhn?id=25255964522
삼성전자 갤럭시북2 프로360 NT950QED-KC51G,1761550,https://search.shopping.naver.com/gate.nhn?id=31434196619
LG전자 그램15 15ZD90P-GX76K,1298890,https://search.shopping.naver.com/gate.nhn?id=27405491522
LG전자 그램17 17Z90P-GA76K,1848990,https://search.shopping.naver.com/gate.nhn?id=25255950522
LG전자 그램360 16T90P-GA7DK,1732210,https://search.shopping.naver.com/gate.nhn?id=30366682618
ASUS 비보북프로 15 OLED M3500QA-L1073,749000,https://search.shopping.naver.com/gate.nhn?id=29878784624
주연테크 캐리북T 프로 J3GP Pro,469000,https://search.shopping.naver.com/gate.nhn?id=23107275490
LG전자 LG그램 14ZD95P-GX30K,1048640,https://search.shopping.naver.com/gate.nhn?id=30443007618
HP 15s-fq5001TU,790590,https://search.shopping.naver.com/gate.nhn?id=33189857622
삼성전자 <b>노트북</b> 플러스2 NT550XDA-K14AG,469000,https://search.shopping.naver.com/gate.nhn?id=26529037522
LG전자 울트라기어 17GD90Q-SX79K,2197990,https://search.shopping.naver.com/gate.nhn?id=30976290619
LG전자 그램15 15ZD95P-GX76K,1399900,https://search.shopping.naver.com/gate.nhn?id=30244430618
LG전자 그램17 17ZD90P-GX7TK,1383990,https://search.shopping.naver.com/gate.nhn?id=29016082586
삼성전자 오디세이 NT850XCJ-XC71A,1859000,https://search.shopping.naver.com/gate.nhn?id=26208427522
삼성전자 갤럭시북2 NT750XEE-X71A,1699000,https://search.shopping.naver.com/gate.nhn?id=32914764623
LG전자 그램360 14TD90P-GXFBK,1222800,https://search.shopping.naver.com/gate.nhn?id=30314784618
삼성전자 갤럭시북 NT750XDA-XL52U,1198990,https://search.shopping.naver.com/gate.nhn?id=30527009618
펀디지 Flipbook 14형,349000,https://search.shopping.naver.com/gate.nhn?id=28220514523
레노버 아이디어패드 Gaming 3i 15IMH I5 LEGEND PRO DOS,769000,https://search.shopping.naver.com/gate.nhn?id=22964825490
삼성전자 갤럭시북 프로360 NT950QDB-KC72G,1638990,https://search.shopping.naver.com/gate.nhn?id=30527093622
삼성전자 <b>노트북</b> 플러스2 NT550XDA-KC35G,652390,https://search.shopping.naver.com/gate.nhn?id=25565082522
LG전자 울트라PC 15U50P-GR3SK,648980,https://search.shopping.naver.com/gate.nhn?id=30662776618
HP Victus 15-fa0051TX,798990,https://search.shopping.naver.com/gate.nhn?id=33193351618
정품 윈10Pro 이벤트 ASUS TUF 17인치 게이밍 게임 고사양 영상편집 <b>노트북</b> RTX3060,1599000,https://search.shopping.naver.com/gate.nhn?id=82884365711
삼성전자 갤럭시북 S NT767XCL-KC58S,898000,https://search.shopping.naver.com/gate.nhn?id=25648127523
LG전자 울트라기어 17G90Q-XD79K,3398990,https://search.shopping.naver.com/gate.nhn?id=30978242618
에이서 A515-45 테라4,592660,https://search.shopping.naver.com/gate.nhn?id=26687043527
<b>노트북</b>렌탈 대여 임대 개인 기업 단기 장기 고사양 LG15N540 i5 7일 사무용,39000,https://search.shopping.naver.com/gate.nhn?id=82846453822
LG전자 울트라PC 15UD50N-LX20K,450990,https://search.shopping.naver.com/gate.nhn?id=23047826490
ASUS 젠북 14X OLED UM5401QA-KN029,1249000,https://search.shopping.naver.com/gate.nhn?id=29937760619
"삼성<b>노트북</b> 갤럭시북,갤럭시북2 NT550XDA-K78AT 고성능 인텔 i7 15인치형 대학생 인강용 학업용 광시야각 동영상편집 업무용",1099000,https://search.shopping.naver.com/gate.nhn?id=83129201999
삼성전자 갤럭시북2 프로360 NT950QED-KC71S,2038590,https://search.shopping.naver.com/gate.nhn?id=31516603620
LG전자 울트라PC 15UD50P-KX50K,828990,https://search.shopping.naver.com/gate.nhn?id=25860457522
LG전자 그램14 14ZD90Q-GX56K,1427940,https://search.shopping.naver.com/gate.nhn?id=32803602619
삼성전자 갤럭시북 플렉스2 NT930QCA-KC71S,1698990,https://search.shopping.naver.com/gate.nhn?id=25308785522
LG전자 그램360 16T90Q-GA79K,2224000,https://search.shopping.naver.com/gate.nhn?id=31407356618
삼성전자 갤럭시북2 프로 NT950XEE-XC71G,1898990,https://search.shopping.naver.com/gate.nhn?id=31503316620
삼성전자 갤럭시북 이온 NT950XCR-G58A,1248990,https://search.shopping.naver.com/gate.nhn?id=21490861969
ASUS 젠북 14X OLED UM5401QA-KN028,1149000,https://search.shopping.naver.com/gate.nhn?id=30892109618
HP 14s-fq2020AU,478850,https://search.shopping.naver.com/gate.nhn?id=31925353618
LG전자 LG그램 17Z95P-GA5LK,1398930,https://search.shopping.naver.com/gate.nhn?id=30281736618
ASUS 비보북 17 X1702ZA-AU010,799000,https://search.shopping.naver.com/gate.nhn?id=32725289621
삼성전자 <b>노트북</b>5 NT550EBZ-AD2A,568990,https://search.shopping.naver.com/gate.nhn?id=16932807264
LG전자 그램15 15ZD95N-GX56K,1236730,https://search.shopping.naver.com/gate.nhn?id=28001082522
LG전자 LG그램 16Z90Q-GA56K,1898830,https://search.shopping.naver.com/gate.nhn?id=31438516619
LG전자 LG그램 14Z90Q-GA56K,1638840,https://search.shopping.naver.com/gate.nhn?id=32914296618
삼성전자 <b>노트북</b> 플러스2 NT550XDA-K24AG,597690,https://search.shopping.naver.com/gate.nhn?id=26760434522
삼성전자 갤럭시북 이온2 NT950XDA-X71AW,1858990,https://search.shopping.naver.com/gate.nhn?id=25310661522
LG전자 그램360 16T90P-GAF6K,1429110,https://search.shopping.naver.com/gate.nhn?id=30353560618
LG전자 그램360 14T90P-GAF6K,1298970,https://search.shopping.naver.com/gate.nhn?id=29989853618
삼성전자 삼성 NT350XCR-AD7AS,798990,https://search.shopping.naver.com/gate.nhn?id=26027103522
Apple 맥북 프로 16형 2021년 M1 Pro 10코어 CPU 및 16코어 GPU 1T 스페이스 그레이 (MK193KH/A),3315900,https://search.shopping.naver.com/gate.nhn?id=29412766620
에이서 스위프트3 SF314-43 R5 씬스틸러2,559000,https://search.shopping.naver.com/gate.nhn?id=26774628523
LG전자 LG그램 15ZD95P-GX30K,1067990,https://search.shopping.naver.com/gate.nhn?id=30364200621
HP 파빌리온 x360 14-dy0015TU,1189000,https://search.shopping.naver.com/gate.nhn?id=31802923623
삼성전자 갤럭시북2 NT550XEZ-A38A,697900,https://search.shopping.naver.com/gate.nhn?id=32917357618
에이서 스위프트5 SF514-55T,867260,https://search.shopping.naver.com/gate.nhn?id=25066151525
삼성전자 <b>노트북</b> 플러스 NT550XCR-AD3A,598990,https://search.shopping.naver.com/gate.nhn?id=22508501994
HP 파빌리온 15-eh2020AU,699000,https://search.shopping.naver.com/gate.nhn?id=31572003618
마이크로소프트 서피스 프로8 8PV-00030,1704320,https://search.shopping.naver.com/gate.nhn?id=30496631618
LG전자 LG그램 16ZD90Q-GX5LK,1652990,https://search.shopping.naver.com/gate.nhn?id=31452013618
LG전자 LG그램 17Z90Q-GA76K,2278990,https://search.shopping.naver.com/gate.nhn?id=31409838618
LG전자 울트라PC 13UD70P-GX50K,729000,https://search.shopping.naver.com/gate.nhn?id=24828065522
주연테크 캐리북e J3GW,359000,https://search.shopping.naver.com/gate.nhn?id=24875454523
삼성전자 <b>노트북</b> PEN S NT950SBE-X716A,2230390,https://search.shopping.naver.com/gate.nhn?id=16595414739
삼성전자 갤럭시북2 프로360 NT930QED-KC51S,1775030,https://search.shopping.naver.com/gate.nhn?id=31516607622
삼성전자 삼성 NT750XDA-KC39U,817990,https://search.shopping.naver.com/gate.nhn?id=30527259620
LG전자 그램16 16ZD90P-GX5BK,1208520,https://search.shopping.naver.com/gate.nhn?id=25255965522
ASUS G713RM-LL121,1749000,https://search.shopping.naver.com/gate.nhn?id=31199393622
레노버 씽크북 16 Gen4+ ARA 21D1000WKR,1143630,https://search.shopping.naver.com/gate.nhn?id=33597897618
LG전자 그램15 15Z95N-GA56K,1478990,https://search.shopping.naver.com/gate.nhn?id=28253769557
레노버 아이디어패드 요가 Slim7 Pro 14IHU i5 DOS,893000,https://search.shopping.naver.com/gate.nhn?id=32998069618
삼성전자 갤럭시북 NT750XDA-XC52S,1177960,https://search.shopping.naver.com/gate.nhn?id=30526852618
LG전자 LG그램 16Z90Q-GA76K,2109000,https://search.shopping.naver.com/gate.nhn?id=31406928618
ASUS 비보북프로 15 OLED M3500QC-L1085,1249000,https://search.shopping.naver.com/gate.nhn?id=29124655589
HP 빅터스 윈11 게이밍 고사양 포토샵 영상편집 게임용 <b>노트북</b> RTX 3050Ti,1149000,https://search.shopping.naver.com/gate.nhn?id=83994854486
LG전자 울트라PC 15UD40N-GX56K,668990,https://search.shopping.naver.com/gate.nhn?id=23985697522
ASUS 비보북 15X OLED M1503QA-L1040,799000,https://search.shopping.naver.com/gate.nhn?id=32914054620
LG전자 그램360 14T90P-GA7DK,1578890,https://search.shopping.naver.com/gate.nhn?id=30327834618
삼성전자 갤럭시북2 프로 5G NT955XED-KC51G,1889990,https://search.shopping.naver.com/gate.nhn?id=31318336618
LG전자 그램360 16TD90Q-GX70K,2014000,https://search.shopping.naver.com/gate.nhn?id=31407040621
LG전자 LG그램 16Z95P-GR5BK,1299990,https://search.shopping.naver.com/gate.nhn?id=30364588621
마이크로소프트 서피스 프로8 8PX-00030,2325000,https://search.shopping.naver.com/gate.nhn?id=30496631619
레노버 아이디어패드 slim3-17ITL 재택근무 업무용 싼 <b>노트북</b> 저렴한 가성비 <b>노트북</b>,559000,https://search.shopping.naver.com/gate.nhn?id=83018807551
LG전자 울트라PC 16UD70Q-HX76K,1395990,https://search.shopping.naver.com/gate.nhn?id=33501344618
MSI 모던15 A11M-i5 카본 그레이,598960,https://search.shopping.naver.com/gate.nhn?id=24611586526
LG전자 LG그램 17Z90Q-GA56K,1935990,https://search.shopping.naver.com/gate.nhn?id=31420570620
주연테크 L9W37T,2099000,https://search.shopping.naver.com/gate.nhn?id=33271914619
LG전자 그램17 17Z90N-VA76K,1939890,https://search.shopping.naver.com/gate.nhn?id=21462417552
삼성전자 삼성 NT350XCR-AD3AW,628990,https://search.shopping.naver.com/gate.nhn?id=25228867522
삼성전자 갤럭시북 프로 NT950XDB-KC38B,920590,https://search.shopping.naver.com/gate.nhn?id=27188100525
삼성전자 갤럭시북 NT750XDA-KC58S,986600,https://search.shopping.naver.com/gate.nhn?id=27201945525
LG전자 그램17 17ZD90P-GX7LK,1495990,https://search.shopping.naver.com/gate.nhn?id=25796872522
기가바이트 AERO 15 OLED KD,1793000,https://search.shopping.naver.com/gate.nhn?id=27390714524
레노버 아이디어패드 Slim3-15ARE R5,549000,https://search.shopping.naver.com/gate.nhn?id=23096611490
삼성전자 <b>노트북</b>9 ALWAYS NT950XBV-G58A,1389990,https://search.shopping.naver.com/gate.nhn?id=16885203423
LG전자 16Z90Q-EA5WK,2079720,https://search.shopping.naver.com/gate.nhn?id=31501946618
Apple 맥북 에어 2020년형 M1 512G 실버  (MGNA3KH/A),1459000,https://search.shopping.naver.com/gate.nhn?id=25040247522
DELL 인스피론 15 3525 WH02KR,777530,https://search.shopping.naver.com/gate.nhn?id=31131925624
LG전자 그램14 14ZD90P-GX30K,1049510,https://search.shopping.naver.com/gate.nhn?id=25524256523
마이크로소프트 서피스 프로8 8PN-00014,1360000,https://search.shopping.naver.com/gate.nhn?id=30496627618
삼성전자 갤럭시북 NT750XDA-KC38S,817590,https://search.shopping.naver.com/gate.nhn?id=27202294522
LG전자 LG그램 16ZD90Q-GX76K,1840000,https://search.shopping.naver.com/gate.nhn?id=31406865619
삼성전자 갤럭시북 프로 NT950XDB-K71A,1651550,https://search.shopping.naver.com/gate.nhn?id=26964197522
삼성전자 갤럭시북 이온2 NT950XDZ-G58AW,1349990,https://search.shopping.naver.com/gate.nhn?id=25308825522
삼성전자 <b>노트북</b>5 NT550EBZ-AD1A,449000,https://search.shopping.naver.com/gate.nhn?id=16933000704
레노버 Gaming 3i 15IHU I5 3050,869000,https://search.shopping.naver.com/gate.nhn?id=28465875554
LG전자 LG그램 16Z90Q-GA5LK,1769000,https://search.shopping.naver.com/gate.nhn?id=31437566618
삼성전자 <b>노트북</b> 플러스 NT550XCR-AD1A,449000,https://search.shopping.naver.com/gate.nhn?id=22508501975
LG전자 그램16 16Z90P-GA56K,1530490,https://search.shopping.naver.com/gate.nhn?id=25308729527
LG전자 LG그램 14ZD95N-LX20K,705000,https://search.shopping.naver.com/gate.nhn?id=32090175618
삼성전자 갤럭시북 프로360 NT950QDB-KD72N,1748990,https://search.shopping.naver.com/gate.nhn?id=29316140618
LG전자 그램16 16ZD95P-GX7LK,1367630,https://search.shopping.naver.com/gate.nhn?id=31626276618
MSI GF75 Thin 9SC-i7,1139000,https://search.shopping.naver.com/gate.nhn?id=18899548682
Apple 맥북 에어 13형 2020년 M1 CTO 256GB (16GB RAM),1529000,https://search.shopping.naver.com/gate.nhn?id=26380658523
LG전자 LG그램 15ZD90Q-GX76K,1735830,https://search.shopping.naver.com/gate.nhn?id=32956477620
삼성전자 갤럭시북 프로 NT930XDB-KC59S,1275750,https://search.shopping.naver.com/gate.nhn?id=29327169628
MSI 크리에이터 M16 A12UC,1397690,https://search.shopping.naver.com/gate.nhn?id=30890176618
LG전자 2022 그램15 15ZD95P-GX56K WIN10 PRO 정품설치세팅,1395000,https://search.shopping.naver.com/gate.nhn?id=83755692762
LG전자 LG그램 17Z95P-GA7LK,1718470,https://search.shopping.naver.com/gate.nhn?id=31516606618
베이직스 베이직북13 2세대 BB1321FW,359000,https://search.shopping.naver.com/gate.nhn?id=29833859618
ASUS G15 GA503RM-HQ049,1899000,https://search.shopping.naver.com/gate.nhn?id=32785696620
ASUS 비보북프로 15 K3500PC-KJ153,999000,https://search.shopping.naver.com/gate.nhn?id=29589512619
LG전자 그램15 15ZD90P-GX56K,1179640,https://search.shopping.naver.com/gate.nhn?id=27730488522
LG전자 그램360 14TD90P-GX7GK,1378890,https://search.shopping.naver.com/gate.nhn?id=30327840618
Apple 맥북 에어 2022년 M2 8코어 CPU 및 8코어 GPU 256G 실버 (MLXY3KH/A),1639300,https://search.shopping.naver.com/gate.nhn?id=33094657618
LG전자 울트라PC 15U50N-LR26K,497980,https://search.shopping.naver.com/gate.nhn?id=23278836490
LG전자 LG그램 17ZD90Q-GX56K,1822990,https://search.shopping.naver.com/gate.nhn?id=31421364618
삼성전자 <b>노트북</b> 플러스2 NT550XDA-XC59G,1197790,https://search.shopping.naver.com/gate.nhn?id=25537771524
엠피지오 블랙제트 MLNT150111,756690,https://search.shopping.naver.com/gate.nhn?id=33041594619
HP OMEN 16-b1030TX,1899000,https://search.shopping.naver.com/gate.nhn?id=31040378619
LG전자 울트라기어 15U70P-PA7SK,1468890,https://search.shopping.naver.com/gate.nhn?id=30678142618
LG전자 그램360 14TD90P-GX30K,1179900,https://search.shopping.naver.com/gate.nhn?id=26118490522
LG전자 그램360 16TD90P-GX7DK,1379000,https://search.shopping.naver.com/gate.nhn?id=30314774618
삼성전자 삼성 NT350XCR-AD3AS,628990,https://search.shopping.naver.com/gate.nhn?id=25229133522
포유디지탈 아이뮤즈 스톰북5 WIN10,332100,https://search.shopping.naver.com/gate.nhn?id=25849193522
레노버 리전 LEGION 5i Pro 16ITH I7 STORM 3060,1680120,https://search.shopping.naver.com/gate.nhn?id=31456487618
LG전자 울트라PC 15U40N-GR36K,559490,https://search.shopping.naver.com/gate.nhn?id=23749536490
LG전자 LG그램 14Z95P-GA56K,1473190,https://search.shopping.naver.com/gate.nhn?id=30442842618
LG전자 그램16 16ZD90P-GX7TK,1349990,https://search.shopping.naver.com/gate.nhn?id=29142412620
ASUS D515UA-BQ022,548990,https://search.shopping.naver.com/gate.nhn?id=29057594593
<b>노트북</b> 렌탈 대여 관공서 기업 개인 장기 단기 사무용 5일,19900,https://search.shopping.naver.com/gate.nhn?id=83627757189
LG그램 2022 신제품 영상편집 고성능 가벼운 대학생 <b>노트북</b>,1708000,https://search.shopping.naver.com/gate.nhn?id=83732407472
LG전자 그램360 14T90Q-GA79K,2108990,https://search.shopping.naver.com/gate.nhn?id=32460630618
MSI 모던 14 B5M-R5,599000,https://search.shopping.naver.com/gate.nhn?id=29442073619
LG전자 그램16 16ZD90P-GX5LK,1344870,https://search.shopping.naver.com/gate.nhn?id=25886617522
LG전자 LG그램 17ZD95P-GX50K,1274800,https://search.shopping.naver.com/gate.nhn?id=30244054618
삼성전자 <b>노트북</b> 플러스2 NT550XDZ-AD2AW,581980,https://search.shopping.naver.com/gate.nhn?id=25312957522
LG전자 울트라PC 13U70P-GR36K,698990,https://search.shopping.naver.com/gate.nhn?id=25125388526
LG전자 그램15 15ZD90N-VX50K,1344900,https://search.shopping.naver.com/gate.nhn?id=21482321065
LG전자 울트라기어 17U70P-PA7SK,1659990,https://search.shopping.naver.com/gate.nhn?id=30677763618
HP VICTUS 16-e0140AX,1049000,https://search.shopping.naver.com/gate.nhn?id=28790177554
삼성전자 갤럭시북 프로360 NT935QDB-KC71S,1938990,https://search.shopping.naver.com/gate.nhn?id=30258024618
ASUS N7600PC-L2005,1319000,https://search.shopping.naver.com/gate.nhn?id=33330716620
엠피지오 루카스14,329000,https://search.shopping.naver.com/gate.nhn?id=30487972618
LG전자 그램360 16T90P-GA79K,1839990,https://search.shopping.naver.com/gate.nhn?id=30314740618
Apple 맥북 프로 13 2022년 M2 8코어 CPU 및 10코어 GPU 256G 실버 (MNEP3KH/A),1654700,https://search.shopping.naver.com/gate.nhn?id=33091995619
LG전자 LG그램 16ZD95P-GX50K,1278990,https://search.shopping.naver.com/gate.nhn?id=30244854619
ASUS ROG Flow Z13 GZ301ZE-LD165W,2449000,https://search.shopping.naver.com/gate.nhn?id=32548023620
삼성전자 갤럭시북 프로 NT950XDC-XC72S,1620850,https://search.shopping.naver.com/gate.nhn?id=29139233622
삼성전자 삼성 NT950QDB-KC71N,1523640,https://search.shopping.naver.com/gate.nhn?id=27104154533
[대여 ] 7일 가벼운 <b>노트북</b>렌탈 최신 인텔 i5 사무용 게임용,49000,https://search.shopping.naver.com/gate.nhn?id=82668399072
LG전자 그램17 17ZD90P-GX5BK,1548990,https://search.shopping.naver.com/gate.nhn?id=25261032522
DELL 인스피론 15 3511 DN3511-UB02KR,599000,https://search.shopping.naver.com/gate.nhn?id=30456508618
LG전자 울트라PC 15U50P-KR56K,948270,https://search.shopping.naver.com/gate.nhn?id=25878530522
삼성전자 갤럭시북 프로 NT950XDC-XC59S,1237990,https://search.shopping.naver.com/gate.nhn?id=29328943618
LG전자 그램14 14ZD90Q-GX50K,1322920,https://search.shopping.naver.com/gate.nhn?id=32917245618
LG전자 울트라PC 15U50N-GR56K,929700,https://search.shopping.naver.com/gate.nhn?id=22578612673
삼성전자 삼성 NT950XED-KC51G,1583000,https://search.shopping.naver.com/gate.nhn?id=31516029626
레노버 아이디어패드 Slim3-14ALC R7,558990,https://search.shopping.naver.com/gate.nhn?id=27875279522
[예약] GPD WIN MAX 2 윈도우즈 UMPC 휴대용 게이밍 디바이스 소형 <b>노트북</b>,1540000,https://search.shopping.naver.com/gate.nhn?id=84478269912
삼성전자 갤럭시북 NT755XDA-K58AS,1099000,https://search.shopping.naver.com/gate.nhn?id=27175319522
삼성전자 갤럭시북2 NT550XED-K78A,1298000,https://search.shopping.naver.com/gate.nhn?id=33098241618
한성컴퓨터 TFX3412N,459000,https://search.shopping.naver.com/gate.nhn?id=29328051620
LG전자 울트라기어 17UD70P-PX56K,1298990,https://search.shopping.naver.com/gate.nhn?id=26505809522
LG전자 LG그램 16ZD90Q-GX50K,1543790,https://search.shopping.naver.com/gate.nhn?id=32724498618
삼성전자 <b>노트북</b> 플러스2 NT550XDZ-AD1AG,449000,https://search.shopping.naver.com/gate.nhn?id=25403617522
LG전자 그램17 17ZD90N-VX50K,1439970,https://search.shopping.naver.com/gate.nhn?id=21462448159
LG전자 울트라PC 15U50P-KR5SK,943960,https://search.shopping.naver.com/gate.nhn?id=30678309618
LG전자 울트라PC 14U30P-E716K,414990,https://search.shopping.naver.com/gate.nhn?id=31555113618
LG전자 울트라기어 17G90Q-SD79K,2397990,https://search.shopping.naver.com/gate.nhn?id=30978768618
ASUS 젠북 14X OLED UX5401ZAS-KN050W 스페이스 에디션,1849000,https://search.shopping.naver.com/gate.nhn?id=31465281624
LG전자 그램17 17ZD90N-VX70K,1599990,https://search.shopping.naver.com/gate.nhn?id=21481240445
LG전자 16Z90Q-EA7WK,2339820,https://search.shopping.naver.com/gate.nhn?id=31500965620
HP 14s-dq2572TU,498670,https://search.shopping.naver.com/gate.nhn?id=28543691554
LG전자 LG그램 16Z95P-GA5WK,1612640,https://search.shopping.naver.com/gate.nhn?id=30365909618
LG전자 그램15 15Z95P-GA56K,1594990,https://search.shopping.naver.com/gate.nhn?id=30244328618
LG전자 LG그램 17ZD95P-GX7BK,1525980,https://search.shopping.naver.com/gate.nhn?id=30281737618
삼성전자 갤럭시북 NT750XDA-XC59S,1060000,https://search.shopping.naver.com/gate.nhn?id=29140439618
LG전자 울트라PC 15UD490-GX36K,528990,https://search.shopping.naver.com/gate.nhn?id=20514034227
레노버 씽크패드 X1 카본 G10 21CBS00800,2499000,https://search.shopping.naver.com/gate.nhn?id=33172826618
LG전자 그램17 17ZD95N-GX56K,1258990,https://search.shopping.naver.com/gate.nhn?id=27212564524
ASUS ROG FLOW X16 GV601RE-M6004W,2499000,https://search.shopping.naver.com/gate.nhn?id=33226365618
한성컴퓨터 언더케이지 TFX4470H,769000,https://search.shopping.naver.com/gate.nhn?id=23230129490
<b>노트북</b>렌탈 삼성 갤럭시북 LG그램 등록설치비면제 60개월의무,42200,https://search.shopping.naver.com/gate.nhn?id=33101019680
삼성전자 <b>노트북</b>5 NT550EBZ-AD3AH,609990,https://search.shopping.naver.com/gate.nhn?id=21615738248
레노버 리전 LEGION 5 15ARH R7 ZEN Plus 1660Ti,949000,https://search.shopping.naver.com/gate.nhn?id=24699252522
512GB이벤트 RTX3050Ti 렘브란트 ASUS TUF 17인치 게이밍 게임 <b>노트북</b>,1099000,https://search.shopping.naver.com/gate.nhn?id=83274378281
LG전자 그램14 14ZD995-LX20K,686780,https://search.shopping.naver.com/gate.nhn?id=23750144490
LG전자 LG그램 17ZD90Q-GX7BK,2046990,https://search.shopping.naver.com/gate.nhn?id=31409834618
삼성전자 갤럭시북 프로360 NT950QDB-KC52S,1548290,https://search.shopping.naver.com/gate.nhn?id=30586706622
삼성전자 <b>노트북</b>5 NT550EBV-AD5A,689000,https://search.shopping.naver.com/gate.nhn?id=18992665070
한성컴퓨터 언더케이지 TFX4450H,659000,https://search.shopping.naver.com/gate.nhn?id=23230131490
LG전자 울트라PC 15UD50N-GX50K,837900,https://search.shopping.naver.com/gate.nhn?id=22578612659
레노버 SLIM3-15ALC R3,439000,https://search.shopping.naver.com/gate.nhn?id=27406432522
삼성전자 <b>노트북</b> 플러스2 NT560XDA-XC58,1447590,https://search.shopping.naver.com/gate.nhn?id=25564106523
ASUS UX482EAR-KA343W,1075000,https://search.shopping.naver.com/gate.nhn?id=30700808619
HP Victus 16-d1142TX,1449000,https://search.shopping.naver.com/gate.nhn?id=31056174621
LG전자 울트라PC 15U50P-KA70k,1218970,https://search.shopping.naver.com/gate.nhn?id=26007405522
레노버 Gaming 3 15ACH R5 3050 윈도우 배그 고성능 게이밍 <b>노트북</b>,899000,https://search.shopping.naver.com/gate.nhn?id=83326468068
LG전자 그램17 17Z90P-GA5IK,1599970,https://search.shopping.naver.com/gate.nhn?id=25308357522
LG전자 울트라PC 15U40N-GA76K,841990,https://search.shopping.naver.com/gate.nhn?id=24173437522
삼성전자 갤럭시북 프로 NT950XDY-A38A,1289990,https://search.shopping.naver.com/gate.nhn?id=26964547522
ASUS G17 G713RW-LL150,2299000,https://search.shopping.naver.com/gate.nhn?id=32937170618
기가바이트 A5 K1 R5,1259000,https://search.shopping.naver.com/gate.nhn?id=32476720622
LG전자 그램17 17ZD90P-GX7BK,1448990,https://search.shopping.naver.com/gate.nhn?id=25255048522
LG전자 울트라기어 15UD70P-PX50K,1148980,https://search.shopping.naver.com/gate.nhn?id=26659976523
삼성전자 <b>노트북</b> 플러스2 NT550XDZ-GD5AG,1198990,https://search.shopping.naver.com/gate.nhn?id=25312589522
LG GRAM 14ZB970 코어i5 8G M.2 256G Win10 엘지 그램 리퍼<b>노트북</b>,470000,https://search.shopping.naver.com/gate.nhn?id=84374222066
LG전자 울트라PC 15U40Q-GR56K,776940,https://search.shopping.naver.com/gate.nhn?id=29938759619
삼성전자 <b>노트북</b> 플러스2 NT550XDZ-AD5AY,698990,https://search.shopping.naver.com/gate.nhn?id=29121313586
레노버 아이디어패드 Slim3 17ABA7 R5 DOS,698980,https://search.shopping.naver.com/gate.nhn?id=33039542619
2022 LG 그램뷰 view 16MQ70 포터블 모니터 플러스뷰,399000,https://search.shopping.naver.com/gate.nhn?id=83955173640
LG전자 그램15 15Z90Q-GA5LK,1661900,https://search.shopping.naver.com/gate.nhn?id=32453861619
레노버 V15 GEN2-82KD000VKR,558990,https://search.shopping.naver.com/gate.nhn?id=26615878522
삼성전자 오디세이 NT850XBW-XD7A,1498990,https://search.shopping.naver.com/gate.nhn?id=20143237627
LG전자 그램16 16Z90P-GA5IK,1475990,https://search.shopping.naver.com/gate.nhn?id=25308364522
LG전자 울트라PC 15UD40N-GX76K,726490,https://search.shopping.naver.com/gate.nhn?id=24022411522
LG전자 그램15 15ZD90N-HX56K,1456990,https://search.shopping.naver.com/gate.nhn?id=21478064457
삼성전자 갤럭시북2 프로360 NT930QED-KC51G,1749990,https://search.shopping.naver.com/gate.nhn?id=32148476618
삼성전자 갤럭시북 플렉스 NT950QCT-A58A,1698990,https://search.shopping.naver.com/gate.nhn?id=21496747103
MSI Vector GP76 12UGS QHD,2499000,https://search.shopping.naver.com/gate.nhn?id=31799933618
LG전자 그램14 14ZD90P-GX5BK,1186350,https://search.shopping.naver.com/gate.nhn?id=25255939522
레노버 씽크북 15 Gen3 ACL 21A4000BKR,641970,https://search.shopping.naver.com/gate.nhn?id=30414870618
LG전자 LG그램 15ZD95P-GX5LK,1252990,https://search.shopping.naver.com/gate.nhn?id=30364199629
LG전자 LG그램 17Z90Q-GA5LK,1942920,https://search.shopping.naver.com/gate.nhn?id=31421026618
주연테크 아이언 J6F,699000,https://search.shopping.naver.com/gate.nhn?id=25439463522
KT 플립북 덱스북 <b>노트북</b> 인강 FHD IPS 터치스크린 휴대용모니터 갤럭시s22 완벽호환,279000,https://search.shopping.naver.com/gate.nhn?id=82637603773
LG전자 울트라PC 13U70Q-GR36K,724690,https://search.shopping.naver.com/gate.nhn?id=29894352618
ASUS 비보북프로 15 OLED K3500PA-L1069,670160,https://search.shopping.naver.com/gate.nhn?id=29230429620
레노버 씽크패드 E15 G4 21ED004EKD,749000,https://search.shopping.naver.com/gate.nhn?id=31819217619
삼성전자 <b>노트북</b> 플러스 NT550XCR-AD2A,548990,https://search.shopping.naver.com/gate.nhn?id=22583079126
LG전자 크롬북 11TC50Q-EC10K,386780,https://search.shopping.naver.com/gate.nhn?id=31218663618
LG전자 울트라PC 15UD590-GX50K,898990,https://search.shopping.naver.com/gate.nhn?id=22777365672
ASUS A17 FA707RM-HX016,1404000,https://search.shopping.naver.com/gate.nhn?id=32357798620
삼성전자 갤럭시북2 NT750XED-KC38S,936400,https://search.shopping.naver.com/gate.nhn?id=32691209624
레노버 아이디어패드 Slim3-15ITL 5D2,649460,https://search.shopping.naver.com/gate.nhn?id=29937285619
HP OMEN 16-b1033TX,2499000,https://search.shopping.naver.com/gate.nhn?id=31231123623
삼성전자 갤럭시북 플렉스 알파 NT750QCJ-KC58,1633990,https://search.shopping.naver.com/gate.nhn?id=22907131427
LG전자 LG그램 15ZD95P-GX50K,1227700,https://search.shopping.naver.com/gate.nhn?id=30244434618
삼성전자 갤럭시북2 NT750XED-KC38G,948890,https://search.shopping.naver.com/gate.nhn?id=32693562618
삼성전자 갤럭시북2 NT750XEE-XL51G,1422990,https://search.shopping.naver.com/gate.nhn?id=33190118619
삼성전자 오디세이 NT850XCJ-Y78A,1598990,https://search.shopping.naver.com/gate.nhn?id=24025065522
삼성전자 갤럭시북 프로 NT950XDC-XC58S,1148330,https://search.shopping.naver.com/gate.nhn?id=27146838523
LG전자 그램360 14T90Q-GA56K,1838000,https://search.shopping.naver.com/gate.nhn?id=32655543619
LG전자 그램16 16ZD90P-GX30K,1249990,https://search.shopping.naver.com/gate.nhn?id=25593800522
에이서 스위프트3 SF314-43 R7 씬스틸러2,676330,https://search.shopping.naver.com/gate.nhn?id=28656227555
LG전자 그램15 15ZD990-GX30K <b>노트북</b>,1136990,https://search.shopping.naver.com/gate.nhn?id=16868082046
삼성전자 <b>노트북</b>9 METAL NT900X3J-KSF,989990,https://search.shopping.naver.com/gate.nhn?id=15803457757
삼성전자 갤럭시북 S NT767XCM-K38S,788990,https://search.shopping.naver.com/gate.nhn?id=24542143523
LG전자 LG그램 16Z95P-GR50K,1469990,https://search.shopping.naver.com/gate.nhn?id=30364644620
삼성전자 <b>노트북</b>7 NT750XBV-G717A,1349000,https://search.shopping.naver.com/gate.nhn?id=20399070251
LG전자 그램17 17Z90P-OA7FK,1788990,https://search.shopping.naver.com/gate.nhn?id=29042640586
삼성전자 갤럭시북 플렉스 알파 NT750QCR-A78A,1849990,https://search.shopping.naver.com/gate.nhn?id=23054504490
기가바이트 AERO 17 HDR XD,2559000,https://search.shopping.naver.com/gate.nhn?id=27424835524
ASUS TUF F15 FX506HM 게이밍<b>노트북</b> 영상편집 16GB RTX3060,1269000,https://search.shopping.naver.com/gate.nhn?id=83928620771
"애플 맥북 프로 16인치 M1 Pro/Max, 2021, 2022 생산",3290000,https://search.shopping.naver.com/gate.nhn?id=84055534758
HP 파빌리온 Aero 13-be1046AU,909000,https://search.shopping.naver.com/gate.nhn?id=31297747618
주연테크 L6CS37,1279000,https://search.shopping.naver.com/gate.nhn?id=30704609618
ASUS A15 FA507RM-R6725,1205540,https://search.shopping.naver.com/gate.nhn?id=32656621619
ASUS F15 FX506LH-HN004,844350,https://search.shopping.naver.com/gate.nhn?id=31466306625
삼성전자 <b>노트북</b>7 NT750XBV-A39A,898990,https://search.shopping.naver.com/gate.nhn?id=20399620858
LG전자 울트라PC 16U70Q-HA76K,1535990,https://search.shopping.naver.com/gate.nhn?id=33501238618
삼성전자 <b>노트북</b> PEN S NT950SBE-X58A,1819010,https://search.shopping.naver.com/gate.nhn?id=16598684431
LG전자 그램17 17ZD90P-GX70K,1489990,https://search.shopping.naver.com/gate.nhn?id=25255961522
삼성전자 오디세이 NT800G5S-XD71A,1399000,https://search.shopping.naver.com/gate.nhn?id=13881098442
LG전자 LG그램 14ZD95P-GX5BK,1186350,https://search.shopping.naver.com/gate.nhn?id=30425385620
레노버 V15-IIL 온라인수업 주식 게임 고성능 저가 업무용 학생 싼 줌 가성비 <b>노트북</b>,459000,https://search.shopping.naver.com/gate.nhn?id=82794397664
LG전자 그램16 16ZD90P-GX5TK,1298990,https://search.shopping.naver.com/gate.nhn?id=29047684586
ASUS 젠북 14 UM3402YA-KP103,1049000,https://search.shopping.naver.com/gate.nhn?id=31553306621
LG전자 그램360 16TD90P-GX50K,1268990,https://search.shopping.naver.com/gate.nhn?id=26089652529
LG전자 울트라PC 13U70Q-GR5SK,908980,https://search.shopping.naver.com/gate.nhn?id=30014847620
MSI 모던15 A11M-i7,695850,https://search.shopping.naver.com/gate.nhn?id=24612214523
삼성전자 갤럭시북2 NT750XED-KF58G,1208990,https://search.shopping.naver.com/gate.nhn?id=32454618619
ASUS 젠북 UX3402ZA-KM054W,1449000,https://search.shopping.naver.com/gate.nhn?id=32353769623
레노버 리전 5i Pro 16IAH7H I7 3070Ti,2599000,https://search.shopping.naver.com/gate.nhn?id=32802983619
ASUS 게이밍<b>노트북</b> TUF F17 FX706HCB-HX144 16G RTX3050,1099000,https://search.shopping.naver.com/gate.nhn?id=83900397657
DELL 에일리언웨어 x17 R2 WP10KR,6220000,https://search.shopping.naver.com/gate.nhn?id=32453689620
LG전자 그램15 15ZD990-LX10K,759000,https://search.shopping.naver.com/gate.nhn?id=20677825455
삼성전자 <b>노트북</b>PEN NT930QAA-K716A,2328990,https://search.shopping.naver.com/gate.nhn?id=13047964862
LG전자 그램17 17ZD95N-GX5SK,1609990,https://search.shopping.naver.com/gate.nhn?id=27965227522
삼성전자 <b>노트북</b>9 ALWAYS NT950XBE-X716A,2089000,https://search.shopping.naver.com/gate.nhn?id=16598649522
LG전자 그램15 15Z990-HA76K <b>노트북</b>,1668670,https://search.shopping.naver.com/gate.nhn?id=16855760785
레노버 Slim3 17ALC R5,629000,https://search.shopping.naver.com/gate.nhn?id=27358525522
엠피지오 ZEUS FLAT,299000,https://search.shopping.naver.com/gate.nhn?id=25125284522
삼성전자 갤럭시북 플렉스 알파 NT750QCR-A38A,1428700,https://search.shopping.naver.com/gate.nhn?id=22821019426
LG전자 그램17 17ZD90N-VX5BK,1503250,https://search.shopping.naver.com/gate.nhn?id=21462732063
HP Victus 16-e0107AX,929000,https://search.shopping.naver.com/gate.nhn?id=28162234522
한컴 SSD더블 2022년형 윈11 HP Victus 16-e0106AX 게이밍 <b>노트북</b> RTX3050Ti,999000,https://search.shopping.naver.com/gate.nhn?id=83726204461
삼성전자 갤럭시북2 프로360 NT950QED-KC51S,1789990,https://search.shopping.naver.com/gate.nhn?id=31422834618
LG전자 그램15 15ZD990-VX50K,1348990,https://search.shopping.naver.com/gate.nhn?id=16895891056
Apple 맥북 프로 14형 2021년 M1 Pro 8코어 CPU 및 14코어 GPU 512G 실버 (MKGR3KH/A),2449000,https://search.shopping.naver.com/gate.nhn?id=29413009625
LG전자 17Z90Q-EA7WK,2519990,https://search.shopping.naver.com/gate.nhn?id=31516221622
LG전자 그램16 16Z90P-GA50K,1567490,https://search.shopping.naver.com/gate.nhn?id=25308662523
LG전자 울트라기어 17UD70N-PX76K,1899690,https://search.shopping.naver.com/gate.nhn?id=21998304988
기가바이트 G7 GD Gen11 i5 (FHD 144Hz 대학생 게이밍<b>노트북</b>),1279000,https://search.shopping.naver.com/gate.nhn?id=83749307409
LG전자 울트라PC 15U590-GA56K,929710,https://search.shopping.naver.com/gate.nhn?id=17922874949
삼성전자 갤럭시북 이온 NT950XCJ-K58,1314600,https://search.shopping.naver.com/gate.nhn?id=21628763999
HP 파빌리온 Aero 13-be1040AU,859000,https://search.shopping.naver.com/gate.nhn?id=31133596618
삼성전자 갤럭시북 NT750XDZ-A51AS,898990,https://search.shopping.naver.com/gate.nhn?id=33314240618
기가바이트 G5 GD Gen11 i5,1199000,https://search.shopping.naver.com/gate.nhn?id=27873395524
LG전자 그램17 17Z95N-G.ARFMK,1439990,https://search.shopping.naver.com/gate.nhn?id=31336112618
LG전자 그램15 15ZD90N-VX70K,1498990,https://search.shopping.naver.com/gate.nhn?id=21464802928
LG전자 그램17 17ZD90P-GX5LK,1528490,https://search.shopping.naver.com/gate.nhn?id=25848395522
HP 15s-fq5003TU,691570,https://search.shopping.naver.com/gate.nhn?id=33190134619
삼성전자 갤럭시북 이온2 NT930XDZ-A58AW,1457270,https://search.shopping.naver.com/gate.nhn?id=25311637523
LG전자 그램15 15Z90N-HA76K,1658640,https://search.shopping.naver.com/gate.nhn?id=21490302684
LG전자 LG그램 17ZD90Q-GX5LK,1848000,https://search.shopping.naver.com/gate.nhn?id=31421589618
LG전자 그램14 14ZD990-GX30K <b>노트북</b>,1099000,https://search.shopping.naver.com/gate.nhn?id=16941142324
HP Envy x360 15-ed1530TU,1329000,https://search.shopping.naver.com/gate.nhn?id=31318070620
삼성전자 <b>노트북</b>5 NT500R5Z-K78A,841040,https://search.shopping.naver.com/gate.nhn?id=21615851761
삼성전자 <b>노트북</b> PEN S NT950SBV-A58WA,1683150,https://search.shopping.naver.com/gate.nhn?id=18228773108
DELL XPS 15 9520-WP02KR,2989000,https://search.shopping.naver.com/gate.nhn?id=31942167625
삼성전자 갤럭시북 S NT767XCM-KC38,765490,https://search.shopping.naver.com/gate.nhn?id=25649264523
HP 15s-fq2014TU,799000,https://search.shopping.naver.com/gate.nhn?id=27108535523
삼성전자 오디세이 NT850XCJ-XC716,1598990,https://search.shopping.naver.com/gate.nhn?id=24093990522
마이크로소프트 서피스 프로8 8PQ-00030,1460000,https://search.shopping.naver.com/gate.nhn?id=30496629618
LG전자 그램 2in1 14T90N-VR56K,1279000,https://search.shopping.naver.com/gate.nhn?id=21653242511
삼성전자 갤럭시북 이온2 NT950XDA-KC58W,1526390,https://search.shopping.naver.com/gate.nhn?id=25578582522
삼성전자 갤럭시북 이온 NT950XCR-A58A,1279000,https://search.shopping.naver.com/gate.nhn?id=21496727754
ASUS 비보북 X515MA-BQ125,299000,https://search.shopping.naver.com/gate.nhn?id=25732660522
게이밍 <b>노트북</b> i5 -1035G1 A타입 게임<b>노트북</b> 임대 렌탈 대여(3일),50000,https://search.shopping.naver.com/gate.nhn?id=82936552382
레노버 아이디어패드 Slim5 Pro 14ACN 82L700HVKR,883570,https://search.shopping.naver.com/gate.nhn?id=31319719618
윈10프로 이벤 ASUS TUF 게이밍 게임 그래픽 고성능 15인치 <b>노트북</b> RTX3050,999000,https://search.shopping.naver.com/gate.nhn?id=83324912090
LG전자 울트라기어 15UD70P-PX70K,1298990,https://search.shopping.naver.com/gate.nhn?id=26600422522
삼성전자 <b>노트북</b>5 NT550EBZ-AD3A,638990,https://search.shopping.naver.com/gate.nhn?id=16932814121
삼성전자 갤럭시북 플렉스 NT950QCG-X58A,1830000,https://search.shopping.naver.com/gate.nhn?id=21496746570
삼성전자 <b>노트북</b> PEN S NT930SBE-K716A,2251490,https://search.shopping.naver.com/gate.nhn?id=16598697586
HP 파빌리온 15-eg0079TU,599000,https://search.shopping.naver.com/gate.nhn?id=25688233524
MSI Sword GF76 A11UE i7 RTX3060 윈도우 게이밍 <b>노트북</b>,1598000,https://search.shopping.naver.com/gate.nhn?id=83337219529
LG전자 울트라PC 15U50P-GR36K,721920,https://search.shopping.naver.com/gate.nhn?id=26013399522
LG전자 그램14 14Z90P-GA76K,1532890,https://search.shopping.naver.com/gate.nhn?id=25312972522
LG전자 그램360 14TD90P-GX50K,1221900,https://search.shopping.naver.com/gate.nhn?id=26131364522
ASUS UX482EGR-KA377W,1649000,https://search.shopping.naver.com/gate.nhn?id=30629997625
LG전자 16Z90Q-GA7WK,2129480,https://search.shopping.naver.com/gate.nhn?id=31516029628
삼성 오디세이 15인치 NT800G5W/S/H/L 게이밍<b>노트북</b>,796100,https://search.shopping.naver.com/gate.nhn?id=29394721711
LG전자 그램16 16ZD90P-GX70K,1308990,https://search.shopping.naver.com/gate.nhn?id=25272354522
HP Victus 16-e0106ax,998800,https://search.shopping.naver.com/gate.nhn?id=29423532618
LG전자 울트라기어 15U70P-FR56K,1308990,https://search.shopping.naver.com/gate.nhn?id=26459791522
삼성<b>노트북</b> NT200B5B 코어 i5 사무용 가정용 15인치 4G SSD120G,197000,https://search.shopping.naver.com/gate.nhn?id=12735977350
LG전자 16Z90Q-GA5WK,1896690,https://search.shopping.naver.com/gate.nhn?id=31470570619
삼성전자 <b>노트북</b>5 NT550EBA-K35,775570,https://search.shopping.naver.com/gate.nhn?id=21628763998
ASUS 비보북 X712EA-AU124,799000,https://search.shopping.naver.com/gate.nhn?id=28255784556
ASUS F15 FX517ZR-HQ009,1949000,https://search.shopping.naver.com/gate.nhn?id=32839755620
삼성전자 오디세이 NT850XBC-X719A,1748990,https://search.shopping.naver.com/gate.nhn?id=20143257893
DELL 인스피론 16 5620-UB03KR,1149000,https://search.shopping.naver.com/gate.nhn?id=31944388621
LG전자 그램15 15ZD95N-GX70K,1437720,https://search.shopping.naver.com/gate.nhn?id=28067113522
LG전자 울트라기어 17GD90Q-XX79K,3199000,https://search.shopping.naver.com/gate.nhn?id=30976604618
삼성전자 <b>노트북</b>9 ALWAYS NT930XBV-A38A,1158990,https://search.shopping.naver.com/gate.nhn?id=17298604277
레노버 L3-15ITL i5,493000,https://search.shopping.naver.com/gate.nhn?id=27804553523
삼성전자 갤럭시북 프로 NT930XDB-K71A,1828990,https://search.shopping.naver.com/gate.nhn?id=26965594522
삼성전자 갤럭시북 프로 NT935XDB-KC58B,1349000,https://search.shopping.naver.com/gate.nhn?id=27048374523
LG전자 울트라PC 15U50P-GA3NK,725370,https://search.shopping.naver.com/gate.nhn?id=30678940618
삼성전자 <b>노트북</b>7 Force NT760XBE-X58,1200000,https://search.shopping.naver.com/gate.nhn?id=19807176632
삼성전자 갤럭시북 프로 NT935XDB-K58AB,1748990,https://search.shopping.naver.com/gate.nhn?id=27302607522
HP 엘리트 드래곤플라이 G2 3E2Q0PA,1698960,https://search.shopping.naver.com/gate.nhn?id=26131694525
MSI Sword GF66 A11SC-i5 화이트,898980,https://search.shopping.naver.com/gate.nhn?id=28256985554
LG전자 그램360 14TD90P-GX5BK,1221900,https://search.shopping.naver.com/gate.nhn?id=26977897522
삼성전자 <b>노트북</b>7 Force NT760XBV-G78A,1729000,https://search.shopping.naver.com/gate.nhn?id=19569824308
레노버 아이디어패드 Slim3-14ARE R5,536350,https://search.shopping.naver.com/gate.nhn?id=23619563490
삼성전자 갤럭시북 플렉스 알파 NT750QCR-A58A,1748990,https://search.shopping.naver.com/gate.nhn?id=23054567490
LG전자 울트라PC 13UD70P-GX30K,568990,https://search.shopping.naver.com/gate.nhn?id=25226137522
LG전자 그램14 14ZD90N-VX30K,1131050,https://search.shopping.naver.com/gate.nhn?id=21647919436
삼성전자 <b>노트북</b> PEN S NT950SBV-A58A,1718990,https://search.shopping.naver.com/gate.nhn?id=18228753991
LG전자 울트라기어 15U70P-PR5SK,1308990,https://search.shopping.naver.com/gate.nhn?id=30678152618
LG전자 그램15 15ZD90P-GX50K,1258800,https://search.shopping.naver.com/gate.nhn?id=27404358522
삼성전자 갤럭시북 NT750XDA-KF59U,998990,https://search.shopping.naver.com/gate.nhn?id=29227672620
KT 갤럭시북 GO 갤럭시북 고 14인치 LTE <b>노트북</b>,210100,https://search.shopping.naver.com/gate.nhn?id=28307197872
삼성 NT371B5L 사무용 인강용 학습용 저가 가성비 저렴한 게임용 싼 <b>노트북</b>,339000,https://search.shopping.naver.com/gate.nhn?id=84043729454
레노버 씽크북 15 G3 ACL 21A4000CKR,664340,https://search.shopping.naver.com/gate.nhn?id=27631208522
LG전자 그램360 16T90Q-GA56K,1785520,https://search.shopping.naver.com/gate.nhn?id=31438926618
<b>노트북</b> 베이직북 14 3세대 BB1422SS,398000,https://search.shopping.naver.com/gate.nhn?id=84417974537
LG전자 그램15 15ZD990-VX5BK <b>노트북</b>,1249000,https://search.shopping.naver.com/gate.nhn?id=16941142327
Apple 맥북프로 15형 레티나 리프레시 2015년형 (MJLQ2KH/A),588050,https://search.shopping.naver.com/gate.nhn?id=8605628766
레노버 씽크패드 X1 카본 G10 21CBS00100,1899000,https://search.shopping.naver.com/gate.nhn?id=33172659618
삼성전자 갤럭시북2 프로 NT950XED-KC58S,1510640,https://search.shopping.naver.com/gate.nhn?id=32256755619
삼성전자 갤럭시북 프로 NT950XDB-KC58S,1298780,https://search.shopping.naver.com/gate.nhn?id=27061800523
삼성전자 갤럭시북 프로 NT950QDB-KC58S,1478220,https://search.shopping.naver.com/gate.nhn?id=27059051522
LG전자 그램17 17Z90N-VA56K,1640960,https://search.shopping.naver.com/gate.nhn?id=21462481052
삼성전자 <b>노트북</b> 플러스 NT550XCR-GD5A,998990,https://search.shopping.naver.com/gate.nhn?id=22865824426
LG전자 그램360 14TD90Q-GX7GK,1847910,https://search.shopping.naver.com/gate.nhn?id=32461126618
삼성전자 <b>노트북</b>5 NT550EBA-K35M,758990,https://search.shopping.naver.com/gate.nhn?id=23918686522
LG전자 LG그램 14Z95P-GA5LK,1478990,https://search.shopping.naver.com/gate.nhn?id=30442836618
LG전자 울트라기어 17U70P-PR5SK,1398920,https://search.shopping.naver.com/gate.nhn?id=30677997618
LG전자 그램15 15Z990-VA50K <b>노트북</b>,1469940,https://search.shopping.naver.com/gate.nhn?id=17563352755
삼성전자 갤럭시북 프로360 NT950QDB-KC58G,1499000,https://search.shopping.naver.com/gate.nhn?id=27043644523
LG전자 울트라PC 13U70P-GR56K,848990,https://search.shopping.naver.com/gate.nhn?id=25218307522
LG전자 울트라PC 16UD70Q-GX30K,868000,https://search.shopping.naver.com/gate.nhn?id=33617080618
삼성전자 삼성 NT950XDC-XC72B,1693360,https://search.shopping.naver.com/gate.nhn?id=30454601624
HP 파빌리온 15-ec2124ax,1149000,https://search.shopping.naver.com/gate.nhn?id=29061012587
ASUS X515EA-BQ043,379650,https://search.shopping.naver.com/gate.nhn?id=26698727528
삼성전자 <b>노트북</b> 플러스 NT550XCR-GD7WA,1298990,https://search.shopping.naver.com/gate.nhn?id=22865827426
ASUS G17 G713RC-HX011,1334800,https://search.shopping.naver.com/gate.nhn?id=31231765621
LG전자 17Z95P-GR50K,1392000,https://search.shopping.naver.com/gate.nhn?id=30313169618
LG전자 울트라PC 15UD50N-GX30K,541850,https://search.shopping.naver.com/gate.nhn?id=22907887426
LG전자 울트라PC 15U40Q-GA76K,1033090,https://search.shopping.naver.com/gate.nhn?id=30015064618
LG전자 그램14 14ZD90N-VX50K,1186350,https://search.shopping.naver.com/gate.nhn?id=21481321968
레노버 요가 Slim7 Carbon13ITL5 82EV005TKR,1146200,https://search.shopping.naver.com/gate.nhn?id=28480210559
LG전자 울트라PC 14U390-EE1TK,399000,https://search.shopping.naver.com/gate.nhn?id=21499232483
LG전자 그램17 17ZD90N-VX7BK,1650020,https://search.shopping.naver.com/gate.nhn?id=21462435785
LG전자 그램15 15ZD90N-VX5BK,1369990,https://search.shopping.naver.com/gate.nhn?id=21481322397
주연테크 L7E35T,999000,https://search.shopping.naver.com/gate.nhn?id=30355680618
레노버 아이디어패드 S150-11 PRO,294280,https://search.shopping.naver.com/gate.nhn?id=28310206554
HP ENVY x360 15-ew0025TX,1699000,https://search.shopping.naver.com/gate.nhn?id=33634232619
LG전자 그램17 17ZD990-VX50K,1515450,https://search.shopping.naver.com/gate.nhn?id=16658567154
삼성전자 <b>노트북</b>7 NT730XBV-A38A,988250,https://search.shopping.naver.com/gate.nhn?id=19539043594
ASUS ROG G513RM-HQ077,1638990,https://search.shopping.naver.com/gate.nhn?id=31819644623
LG전자 그램17 17Z95N-OA7BK,1677990,https://search.shopping.naver.com/gate.nhn?id=28692403554
LG전자 울트라PC 15U50P-GA5NK,898990,https://search.shopping.naver.com/gate.nhn?id=30678888618
삼성전자 갤럭시북 프로360 NT950QDB-KD72S,1853390,https://search.shopping.naver.com/gate.nhn?id=29315822619
삼성전자 갤럭시북 이온 NT930XCR-A58A,1212190,https://search.shopping.naver.com/gate.nhn?id=21496725856
삼성전자 갤럭시북2 프로 NT930XED-KC51G,1589990,https://search.shopping.naver.com/gate.nhn?id=31516604618
에이서 A515-45 페타4 W11,599000,https://search.shopping.naver.com/gate.nhn?id=31465771626
삼성전자 <b>노트북</b> 플러스2 NT560XDZ-G58A,1606150,https://search.shopping.naver.com/gate.nhn?id=25312498522
ASUS X415MA-EB061,279000,https://search.shopping.naver.com/gate.nhn?id=26687389523
레노버 요가 Slim7 Carbon13ITL5 82EV0034KR,998180,https://search.shopping.naver.com/gate.nhn?id=24892851523
삼성전자 오디세이 NT850XBX-GD7AH,1548990,https://search.shopping.naver.com/gate.nhn?id=20117223789
LG전자 울트라PC 16UD70Q-GX50K,970000,https://search.shopping.naver.com/gate.nhn?id=33516137618
DELL 에일리언웨어 M17 R5 WP01KR,2749000,https://search.shopping.naver.com/gate.nhn?id=32454392620
삼성전자 <b>노트북</b> 플러스 NT550XCJ-XC58,1090190,https://search.shopping.naver.com/gate.nhn?id=22696959017
삼성전자 <b>노트북</b> 플러스 NT550XCJ-KC24,595320,https://search.shopping.naver.com/gate.nhn?id=22972520492
ASUS ROG STRIX G713IM 17인치 고성능 영상편집 배그 롤 게이밍 <b>노트북</b>,1549000,https://search.shopping.naver.com/gate.nhn?id=84365929651
LG전자 LG그램 15ZD95P-GX5BK,1228850,https://search.shopping.naver.com/gate.nhn?id=30281792618
HP Victus 16-d1141TX,1599000,https://search.shopping.naver.com/gate.nhn?id=31200407623
<b>노트북</b> 디클 클릭북 D141+ 업무용 재택근무 저렴한 인강용 사무용 싼 가성비 <b>노트북</b>,259000,https://search.shopping.naver.com/gate.nhn?id=10011113250
LG전자 그램16 16ZD90P-GX7LK,1488490,https://search.shopping.naver.com/gate.nhn?id=26165103522
한성컴퓨터 언더케이지 TFX4470HW,899000,https://search.shopping.naver.com/gate.nhn?id=23230130490
레노버 아이디어패드 Slim3-17IAU 5D,749000,https://search.shopping.naver.com/gate.nhn?id=32982980618
삼성전자 <b>노트북</b>5 NT500R5Z-K58BA,698000,https://search.shopping.naver.com/gate.nhn?id=20884537478
기가바이트 어로스 5 SE4,1869000,https://search.shopping.naver.com/gate.nhn?id=33062576620
삼성전자 <b>노트북</b> 플러스2 NT550XDA-KC33W,738990,https://search.shopping.naver.com/gate.nhn?id=26760710523
ASUS 젠북 14X OLED UM5401QA-KN030,1299000,https://search.shopping.naver.com/gate.nhn?id=29590246618
ASUS 비보북 X413EA-CP008,449000,https://search.shopping.naver.com/gate.nhn?id=32933907618
삼성전자 <b>노트북</b>PEN NT950QAA-X716A,2120200,https://search.shopping.naver.com/gate.nhn?id=12986554104
LG전자 그램360 16TD90P-GX56K,1369000,https://search.shopping.naver.com/gate.nhn?id=26658622522
LG전자 울트라PC 15U480-GR36K,697890,https://search.shopping.naver.com/gate.nhn?id=15020272320
레노버 V14 ADA 82C6005YKR,319000,https://search.shopping.naver.com/gate.nhn?id=30455935619
LG전자 17Z95P-GR5BK,1373400,https://search.shopping.naver.com/gate.nhn?id=30312855622
HP 파빌리온 x360 14-ek0070TU,829000,https://search.shopping.naver.com/gate.nhn?id=33677236618
LG전자 그램17 17Z95N-OA76K,1818990,https://search.shopping.naver.com/gate.nhn?id=27188010522
LG전자 그램15 15Z90Q-GA76K,2018990,https://search.shopping.naver.com/gate.nhn?id=32941493619
삼성전자 오디세이 NT850XCJ-YC716,1748990,https://search.shopping.naver.com/gate.nhn?id=24539375533
삼성전자 <b>노트북</b>5 NT550EBV-AD5BA,687990,https://search.shopping.naver.com/gate.nhn?id=20666864532
LG전자 그램16 16ZD90P-GX7BK,1308990,https://search.shopping.naver.com/gate.nhn?id=25272338522
IGNIQ 리트북 15A,269000,https://search.shopping.naver.com/gate.nhn?id=27279069522
레노버 아이디어패드 Slim3-14ALC R3 82KT007MKR,394000,https://search.shopping.naver.com/gate.nhn?id=27629960524
ASUS G15 GA503RM-HQ060,1899000,https://search.shopping.naver.com/gate.nhn?id=32785696621
LG전자 그램14 14Z95N-G.ARTMK,930990,https://search.shopping.naver.com/gate.nhn?id=31335421620
HP 250 G8-363U4PC,828000,https://search.shopping.naver.com/gate.nhn?id=26322667522
삼성전자 <b>노트북</b>5 NT500R5Z-K78BA,798990,https://search.shopping.naver.com/gate.nhn?id=21615946587
삼성전자 <b>노트북</b> 플러스2 NT550XDA-KH29G,598990,https://search.shopping.naver.com/gate.nhn?id=29504778624
레노버 아이디어패드 Slim3-15IML PD 81WB00JAKR,329000,https://search.shopping.naver.com/gate.nhn?id=31369671618
LG전자 울트라PC 15UD40Q-GX70K,924900,https://search.shopping.naver.com/gate.nhn?id=30615994618
삼성전자 갤럭시북 프로360 NT950QDB-KC71S,1637990,https://search.shopping.naver.com/gate.nhn?id=27047235523
LG전자 그램14 14ZD90P-GX70K,1413770,https://search.shopping.naver.com/gate.nhn?id=25273172522
LG전자 울트라PC 15U490-GR36K,697890,https://search.shopping.naver.com/gate.nhn?id=20427187728
삼성전자 리퍼 삼성 <b>노트북</b> NT371B5J i5 8G SSD256 Win10,315300,https://search.shopping.naver.com/gate.nhn?id=27416562148
LG전자 15.6인치 <b>노트북</b> 사무용 가정용 온라인강의 윈도우10홈,229000,https://search.shopping.naver.com/gate.nhn?id=83200051926
LG전자 14ZD95P-GX5LK,1390870,https://search.shopping.naver.com/gate.nhn?id=32148331618
DELL 인스피론 15 5510 DN5510-UB06KR,849000,https://search.shopping.naver.com/gate.nhn?id=29587791626
HP Victus 16-e0104AX,1409000,https://search.shopping.naver.com/gate.nhn?id=28207370522
Apple 맥북 프로 13 2022년 M2 8코어 CPU 및 10코어 GPU 256G 스페이스 그레이 (MNEH3KH/A),1654700,https://search.shopping.naver.com/gate.nhn?id=33091369619
마이크로소프트 서피스 프로8 i5 8GB 128GB 플래티넘,1365000,https://search.shopping.naver.com/gate.nhn?id=84166728618
한성컴퓨터 TFX7240P,1049000,https://search.shopping.naver.com/gate.nhn?id=33100822618
베이직스 베이직북14 2세대,550000,https://search.shopping.naver.com/gate.nhn?id=24887819523
삼성전자 <b>노트북</b>3 NT340XAZ-AD1A,968990,https://search.shopping.naver.com/gate.nhn?id=15632922908
LG전자 울트라PC 15UD50P-LX20K,428890,https://search.shopping.naver.com/gate.nhn?id=31406541618
삼성전자 갤럭시북 프로 NT950XDC-XC71S,1716210,https://search.shopping.naver.com/gate.nhn?id=27146328522
레노버 리전 7i 16ITHg I7 3070 PRO,2298000,https://search.shopping.naver.com/gate.nhn?id=31568408618
LG전자 그램15 15Z90P-GR56K,1487490,https://search.shopping.naver.com/gate.nhn?id=27440250522
ASUS 비보북 S 14X S5402ZA-M9137,1069000,https://search.shopping.naver.com/gate.nhn?id=32353823621
레노버 아이디어패드 L3-15IML 블리자드 화이트,541000,https://search.shopping.naver.com/gate.nhn?id=22265794765
주연테크 젠 L6CF35T,979000,https://search.shopping.naver.com/gate.nhn?id=29882056618
DELL 인스피론 15 5510 DN5510-UB07KR,1099000,https://search.shopping.naver.com/gate.nhn?id=33335309626
LG전자 14Z90P-GA5IK,1398990,https://search.shopping.naver.com/gate.nhn?id=25308383522
HP 프로북 450 G8-2Z9A6PA,1179000,https://search.shopping.naver.com/gate.nhn?id=25411302522
삼성전자 갤럭시북 프로360 NT950QDB-KC59G,1789990,https://search.shopping.naver.com/gate.nhn?id=30628690619
삼성전자 갤럭시북 플렉스 알파 NT730QCR-A38A,1398990,https://search.shopping.naver.com/gate.nhn?id=23056003490
삼성전자 갤럭시북2 프로 NT950XEE-XF58S,1738890,https://search.shopping.naver.com/gate.nhn?id=31421888618
삼성전자 갤럭시북 플렉스2 NT950QDA-XC71B,2063990,https://search.shopping.naver.com/gate.nhn?id=25595303523
LG전자 그램16 16Z90P-GA76K,1558990,https://search.shopping.naver.com/gate.nhn?id=25255999522
ASUS 비보북 15 OLED S513EA-LCP05,649000,https://search.shopping.naver.com/gate.nhn?id=29937455621
LG전자 그램17 17ZD90N-VX30K,1329990,https://search.shopping.naver.com/gate.nhn?id=21653030845
LG전자 울트라PC 15U50N-KR56K,946940,https://search.shopping.naver.com/gate.nhn?id=22578315690
LG전자 그램15 15Z90N-VR50K,1418990,https://search.shopping.naver.com/gate.nhn?id=21552462930
LG전자 울트라PC 15U50N-GR36K,608990,https://search.shopping.naver.com/gate.nhn?id=22578315694
삼성전자 <b>노트북</b>5 NT550EBV-AD2A,539000,https://search.shopping.naver.com/gate.nhn?id=21083968423
LG전자 그램15 15ZD90N-VX30K,1108920,https://search.shopping.naver.com/gate.nhn?id=21645920149
ASUS G14 GA401QEC-K2064T 알렌워커 에디션,1699000,https://search.shopping.naver.com/gate.nhn?id=33757046625
레노버 V14-82C600LMKR,348100,https://search.shopping.naver.com/gate.nhn?id=29424162620
MSI 크리에이터 Z17 A12UHST-i9 WIN11,5198990,https://search.shopping.naver.com/gate.nhn?id=32861589618
델 게이밍 <b>노트북</b> G15 UB02KR 고사양 배그 롤 게임용 <b>노트북</b> 저렴 가성비 <b>노트북</b>,1449000,https://search.shopping.naver.com/gate.nhn?id=84111632565
게이밍<b>노트북</b>렌탈 코어 i7-7700HQ B타입 단기임대 게임용<b>노트북</b> 대여 3일,66000,https://search.shopping.naver.com/gate.nhn?id=83047777074
HP 파빌리온 15-eh2044AU,815800,https://search.shopping.naver.com/gate.nhn?id=32004222629
삼성전자 갤럭시북 S NT767XCM-K58S WIFI,899000,https://search.shopping.naver.com/gate.nhn?id=23318680490
ASUS ROG Flow X13 GV301RA-LJ039W,1599000,https://search.shopping.naver.com/gate.nhn?id=33226419620
삼성전자 갤럭시북 NT755XDA-K71AS,1488990,https://search.shopping.naver.com/gate.nhn?id=27149792522
삼성전자 <b>노트북</b>5 NT500R5Z-K58A,697990,https://search.shopping.naver.com/gate.nhn?id=20884458338
ASUS ROG STRIX G17 G713RM-LL121 17인치 배그 롤 고성능 <b>노트북</b>,2190000,https://search.shopping.naver.com/gate.nhn?id=84228280616
레노버 씽크패드 T14s GEN2 20XFS00B00,1548990,https://search.shopping.naver.com/gate.nhn?id=30454046619
삼성전자 갤럭시북 프로360 NT950QDB-KC59S,1448000,https://search.shopping.naver.com/gate.nhn?id=29140211621
ASUS G733CW-LL005W,3699000,https://search.shopping.naver.com/gate.nhn?id=32724495620
기가바이트 어로스 15P XD,1614280,https://search.shopping.naver.com/gate.nhn?id=31680487618
레노버 리전 Legion 5 15ACH R7 3060 PRO,1409000,https://search.shopping.naver.com/gate.nhn?id=30893598618
에이서 니트로5 게이밍 <b>노트북</b>  AN515-45-3070,1558420,https://search.shopping.naver.com/gate.nhn?id=28221269522
ASUS X515EA-BQ041,645840,https://search.shopping.naver.com/gate.nhn?id=27214981523
사무용 <b>노트북</b>렌탈 <b>노트북</b>임대 <b>노트북</b>대여 LG i3 최신사양 장기 단기 1일,8000,https://search.shopping.naver.com/gate.nhn?id=84350118030
삼성전자 <b>노트북</b>5 NT550EBE-K24A,628990,https://search.shopping.naver.com/gate.nhn?id=18848777951
LG전자 그램16 16Z90P-GA7LK,1559000,https://search.shopping.naver.com/gate.nhn?id=25308878526
Apple 맥북 프로 14 CTO 2021년 M1 Pro (8C CPU 14C GPU)/32GB/512GB,246210,https://search.shopping.naver.com/gate.nhn?id=30416341620
ASUS F17 FX707ZC-HX035,1334800,https://search.shopping.naver.com/gate.nhn?id=31201961618
레노버 리전 5i Pro 16ITH I7 STORM 3070,1869000,https://search.shopping.naver.com/gate.nhn?id=31568629618
삼성전자 <b>노트북</b>9 METAL NT900X3H-K39L,798990,https://search.shopping.naver.com/gate.nhn?id=13411849910
레노버 씽크북 16p 20YM0002KR,1449000,https://search.shopping.naver.com/gate.nhn?id=29654061619
레노버 V15 ITL 82KB00J1KR,388530,https://search.shopping.naver.com/gate.nhn?id=28741740556
레노버 아이디어패드 V15 ADA - 82C700KMKR,387030,https://search.shopping.naver.com/gate.nhn?id=30892939618
삼성전자 갤럭시북 프로 NT950XDC-XC58B,1289970,https://search.shopping.naver.com/gate.nhn?id=27046772522
LG전자 그램360 14TD90Q-GX5BK,1678000,https://search.shopping.naver.com/gate.nhn?id=32557956619
HP 14s-dq2573TU,475930,https://search.shopping.naver.com/gate.nhn?id=28543711555
LG전자 그램15 15Z90N-VR56K,1479890,https://search.shopping.naver.com/gate.nhn?id=21481322377
삼성전자 <b>노트북</b> 플러스2 NT550XDZ-GD7AG,1388990,https://search.shopping.naver.com/gate.nhn?id=25312565522
DELL XPS 13 Plus DX9320-WP01KR,2199000,https://search.shopping.naver.com/gate.nhn?id=32787346618
[3만P 적 립/오늘출발] Flipbook 플립북 14 Wireless 무선 덱스 2in1 <b>노트북</b> 삼성 Dex 갤럭시 스마트폰 미러링,449000,https://search.shopping.naver.com/gate.nhn?id=84233890002
LG전자 울트라PC 15UD50N-GX39K,499000,https://search.shopping.naver.com/gate.nhn?id=32170475618
기가바이트 AERO 16 YE5 OLED,4869000,https://search.shopping.naver.com/gate.nhn?id=31317912620
게이밍 <b>노트북</b>렌탈 <b>노트북</b>대여 MSI i7 RTX3050 고사양 <b>노트북</b>임대 장기 단기 1일,25000,https://search.shopping.naver.com/gate.nhn?id=84270269367
LG전자 그램14 14Z90P-GA56K,1339600,https://search.shopping.naver.com/gate.nhn?id=25255938522
LG전자 울트라기어 17U70P-FA76K,1849990,https://search.shopping.naver.com/gate.nhn?id=26573746522
ASUS X1603ZA-MB139,799000,https://search.shopping.naver.com/gate.nhn?id=31677031618
삼성전자 <b>노트북</b> 플러스2 NT550XDA-KC33G,748890,https://search.shopping.naver.com/gate.nhn?id=26760697522
레노버 아이디어패드 Slim3-15ITL 7D2,679000,https://search.shopping.naver.com/gate.nhn?id=29230410618
레노버 씽크패드 E14 G3 20Y7000LKD,581030,https://search.shopping.naver.com/gate.nhn?id=28294721554
MSI Sword GF66 A11UE 화이트,1230000,https://search.shopping.naver.com/gate.nhn?id=28176101522
삼성전자 <b>노트북</b>PEN NT930QBE-K37WD,1609790,https://search.shopping.naver.com/gate.nhn?id=23231855490
마이크로소프트 서피스 프로8 8PQ-00014,1485000,https://search.shopping.naver.com/gate.nhn?id=30496628618
LG전자 그램17 17ZD90P-GX30K,1389990,https://search.shopping.naver.com/gate.nhn?id=25510732522
LG전자 울트라PC 16U70Q-HA56K,1308990,https://search.shopping.naver.com/gate.nhn?id=33515750618
레노버 요가 Slim7 Carbon 14ACN6 82L0004XKR,1599000,https://search.shopping.naver.com/gate.nhn?id=31420928623
HP 빅터스 16-d1142TX i7 12세대 RTX3060 게이밍<b>노트북</b> (PRO),1659000,https://search.shopping.naver.com/gate.nhn?id=84176172379
기가바이트 A7 K1 R7,1349000,https://search.shopping.naver.com/gate.nhn?id=31024261624
LG전자 그램14 14ZD990-LX10K,697640,https://search.shopping.naver.com/gate.nhn?id=20703642882
LG전자 LG그램 16Z95P-GA7WK,1458990,https://search.shopping.naver.com/gate.nhn?id=30365649619
레노버 요가 Slim7 Pro 14IHU i5 IPS MX450,1049000,https://search.shopping.naver.com/gate.nhn?id=31722568618
삼성전자 <b>노트북</b>9 ALWAYS NT900X3Y-AD2S,1310400,https://search.shopping.naver.com/gate.nhn?id=11479095084
레노버 씽크패드 T16 Gen1-21BVS00700,1499000,https://search.shopping.naver.com/gate.nhn?id=33597511618
삼성전자 갤럭시북2 NT750XED-KH39G,1155140,https://search.shopping.naver.com/gate.nhn?id=32290683620
ASUS ROG 게이밍 고성능 영상편집 포토샵 17인치 240Hz <b>노트북</b> RTX 3080,2779000,https://search.shopping.naver.com/gate.nhn?id=84325684185
LG전자 그램15 15Z90N-EB36K,1179920,https://search.shopping.naver.com/gate.nhn?id=26159554522
삼성전자 갤럭시북 플렉스 NT930QCG-K58A,1549000,https://search.shopping.naver.com/gate.nhn?id=21490663533
LG전자 LG그램 17ZD95P-GX5LK,1437990,https://search.shopping.naver.com/gate.nhn?id=31517763619
LG 울트라PC 윈도우 탑재 14인치 초등학생 인강용 업무용 저가 <b>노트북</b> 저렴 싼,399000,https://search.shopping.naver.com/gate.nhn?id=83718736488
LG전자 그램17 17Z90P-OA76K,1883890,https://search.shopping.naver.com/gate.nhn?id=26922404522
삼성전자 갤럭시북2 프로 NT930XED-KC51S,1578290,https://search.shopping.naver.com/gate.nhn?id=31501291621
삼성전자 갤럭시북 이온 NT950XCJ-X716A,2048990,https://search.shopping.naver.com/gate.nhn?id=21490860929
LG전자 그램15 15Z990-HA70K <b>노트북</b>,1659100,https://search.shopping.naver.com/gate.nhn?id=16855760786
LG전자 울트라PC 15U70N-GR56K,1229990,https://search.shopping.naver.com/gate.nhn?id=21730016821
LG 그램 2022 터치<b>노트북</b> 16T90P 대학생 업무용 <b>노트북</b> 싼 가성비 <b>노트북</b>,1859000,https://search.shopping.naver.com/gate.nhn?id=84120361706
레노버 씽크패드 X1 카본 G10 21CBS00200,2649000,https://search.shopping.naver.com/gate.nhn?id=33172734618
삼성전자 갤럭시북 프로360 NT930QDB-KC58S,1349990,https://search.shopping.naver.com/gate.nhn?id=27059265525
HP VICTUS 16-d1121TX,1199000,https://search.shopping.naver.com/gate.nhn?id=30977850619
MSI 프레스티지 15 A12UC,1649000,https://search.shopping.naver.com/gate.nhn?id=31366288618
삼성전자 갤럭시북2 프로 NT950XEE-XL51G,1739990,https://search.shopping.naver.com/gate.nhn?id=32255680618
LG전자 LG그램 15Z95N GP79ML,1725990,https://search.shopping.naver.com/gate.nhn?id=33760425618
LG전자 그램17 17Z990-VA70K,1638000,https://search.shopping.naver.com/gate.nhn?id=17563031397
ASUS G17 G713RM-KH053,1629490,https://search.shopping.naver.com/gate.nhn?id=31233076624
IGNIQ 리트북 15B,299000,https://search.shopping.naver.com/gate.nhn?id=30230778618
DELL 래티튜드 5520 <b>노트북</b> i5 11세대 / 4K UHD IPS / Win10Pro,1190000,https://search.shopping.naver.com/gate.nhn?id=83487314545
레노버 리전 5i 15ITH I5 3050Ti Pro,999000,https://search.shopping.naver.com/gate.nhn?id=29505340618
삼성전자 갤럭시북 프로360 NT950QDB-KC71G,1686990,https://search.shopping.naver.com/gate.nhn?id=27049344522
Apple 맥북 에어 2020년형 256G 스페이스 그레이 (MWTJ2KH/A),1325400,https://search.shopping.naver.com/gate.nhn?id=22579976048
삼성전자 갤럭시북2 프로360 NT930QED-KC51D,1837400,https://search.shopping.naver.com/gate.nhn?id=31436188618
HP 엘리트북 650 G9 6J946PA,1338980,https://search.shopping.naver.com/gate.nhn?id=33716973618
ASUS T3300KA-LQ021WS,579000,https://search.shopping.naver.com/gate.nhn?id=33332170618
삼성전자 <b>노트북</b> PEN S NT950SBE-X716,2253400,https://search.shopping.naver.com/gate.nhn?id=16675196331
LG전자 그램14 14Z90Q-GA5LK,1598660,https://search.shopping.naver.com/gate.nhn?id=33441629618
삼성전자 갤럭시북2 NT750XED-KH29G,1070240,https://search.shopping.naver.com/gate.nhn?id=32290672619
삼성전자 갤럭시북 플렉스2 NT930QDZ-A58AZ,1906840,https://search.shopping.naver.com/gate.nhn?id=25308707522
ASUS F17 FX706HEB-HX113,1089000,https://search.shopping.naver.com/gate.nhn?id=31233532618
삼성전자 <b>노트북</b>9 ALWAYS NT930XBV-A58A,1391030,https://search.shopping.naver.com/gate.nhn?id=16892360346
DELL 인스피론 16 5620-WH05KR,1419000,https://search.shopping.naver.com/gate.nhn?id=31944740621
삼성전자 <b>노트북</b> 플러스2 NT550XDA-KC58G,898990,https://search.shopping.naver.com/gate.nhn?id=25562605526
레노버 Slim 3 15ADA05 81W1009WKR,289000,https://search.shopping.naver.com/gate.nhn?id=27490541527
기가바이트 어로스 15P KD,1463000,https://search.shopping.naver.com/gate.nhn?id=27873726525
기가바이트 어로스 17G XD,1663230,https://search.shopping.naver.com/gate.nhn?id=27596198525
LG전자 울트라PC 14U380-EU1TK,430000,https://search.shopping.naver.com/gate.nhn?id=14375287982
HP 15s-fq5100TU,649000,https://search.shopping.naver.com/gate.nhn?id=32982634618
포유디지탈 아이뮤즈 스톰북14 아폴로,339000,https://search.shopping.naver.com/gate.nhn?id=13320380269
삼성전자 갤럭시북 플렉스2 NT950QDA-XC71Z,2255050,https://search.shopping.naver.com/gate.nhn?id=25595239522
삼성전자 <b>노트북</b> 플러스 NT550XCJ-XF58W,1319990,https://search.shopping.naver.com/gate.nhn?id=22692457340
LG전자 그램360 14T90P-GR5GK,1499480,https://search.shopping.naver.com/gate.nhn?id=31133300618
삼성전자 <b>노트북</b>3 NT340XAZ-AD3A,648990,https://search.shopping.naver.com/gate.nhn?id=15695778577
레노버 씽크북 14 ITL 20VD0051KR,649000,https://search.shopping.naver.com/gate.nhn?id=28378244554
레노버 씽크패드 E15 GEN3-20YG0010KD,735790,https://search.shopping.naver.com/gate.nhn?id=28409285554
[대여] LG그램 갤럭시북 이온 2022년형 <b>노트북</b>렌탈 임대 렌트,15000,https://search.shopping.naver.com/gate.nhn?id=82513695188
레노버 아이디어패드 Slim3-15IIL 5D,530500,https://search.shopping.naver.com/gate.nhn?id=22764017637
삼성전자 갤럭시북 이온 NT930XCJ-K38,1090000,https://search.shopping.naver.com/gate.nhn?id=21614164302
레노버 Slim7 Pro 14ACH R5 MX450 2.2K DOS,1109120,https://search.shopping.naver.com/gate.nhn?id=30529558619
HP OMEN 16-b1031TX,2197000,https://search.shopping.naver.com/gate.nhn?id=32243989618
레노버 V14 ALC-82KC0011KR,416130,https://search.shopping.naver.com/gate.nhn?id=27534818522
삼성전자 갤럭시북 플렉스 알파 NT730QCR-A716A,1829990,https://search.shopping.naver.com/gate.nhn?id=23054593490
레이저 BLADE 15 Advanced 12Gen R3060 QHD 블레이드 <b>노트북</b>,3499000,https://search.shopping.naver.com/gate.nhn?id=84090903378
LG전자 울트라PC 15U50P-GR3WK,599000,https://search.shopping.naver.com/gate.nhn?id=27093388522
삼성전자 <b>노트북</b>5 METAL NT560XBV-GD5A,1048990,https://search.shopping.naver.com/gate.nhn?id=16932826362
LG전자 그램360 16TD90P-GX70K,1618990,https://search.shopping.naver.com/gate.nhn?id=26950898522
LG전자 그램360 14TD90Q-GX5GK,1678000,https://search.shopping.naver.com/gate.nhn?id=32985356619
삼성전자 <b>노트북</b>7 NT750XBV-G517A,1420000,https://search.shopping.naver.com/gate.nhn?id=20399218377
LG전자 그램17 17ZD95N-GX76K,1495990,https://search.shopping.naver.com/gate.nhn?id=27212788522
HP 파빌리온 Aero 13-be0141AU,896000,https://search.shopping.naver.com/gate.nhn?id=27927269522
레노버 Slim3 14ITL PD,349000,https://search.shopping.naver.com/gate.nhn?id=27358391522
삼성전자 <b>노트북</b>9 METAL NT900X3J-K24W,898990,https://search.shopping.naver.com/gate.nhn?id=13280728271
LG전자 울트라기어 15U780-PA76K,1458000,https://search.shopping.naver.com/gate.nhn?id=13018807758
ASUS 젠북 14 UM3402YA-KP095W,1299000,https://search.shopping.naver.com/gate.nhn?id=31676709619
LG전자 그램 2in1 14TD90N-VX50K,1222500,https://search.shopping.naver.com/gate.nhn?id=21647887074
LG전자 17Z90Q-GA7WK,2319990,https://search.shopping.naver.com/gate.nhn?id=31516340620
삼성전자 <b>노트북</b>7 Force NT760XBV-G58A,1879000,https://search.shopping.naver.com/gate.nhn?id=21544301557
LG전자 17Z90Q-EA5WK,2315640,https://search.shopping.naver.com/gate.nhn?id=32934683632
Apple 맥북 프로 13형 2020년형 M1 256G 스페이스 그레이 (MYD82KH/A),2100000,https://search.shopping.naver.com/gate.nhn?id=25040163523
LG전자 그램15 15Z995-VR50K,1458790,https://search.shopping.naver.com/gate.nhn?id=21713413518
삼성전자 <b>노트북</b>7 NT730XBV-A58A,1999990,https://search.shopping.naver.com/gate.nhn?id=19552496863
삼성전자 삼성 NT950QDA-XC58B,1778990,https://search.shopping.naver.com/gate.nhn?id=25595303526
LG전자 그램16 16ZD90P-GX5SK,1359990,https://search.shopping.naver.com/gate.nhn?id=29060621586
한성컴퓨터 TFX5470UC,1731250,https://search.shopping.naver.com/gate.nhn?id=24975029523
LG전자 그램15 15ZD90P-GX30K,1108920,https://search.shopping.naver.com/gate.nhn?id=27731346522
ASUS M7600QC-L2008,1159000,https://search.shopping.naver.com/gate.nhn?id=31263952618
레노버 V15 ADA - 82C700KPKR,358990,https://search.shopping.naver.com/gate.nhn?id=33332923618
베이직스 베이직북15 i5 BB1521SS,478000,https://search.shopping.naver.com/gate.nhn?id=29989855618
ASUS 저가형 휴대용 가성비 <b>노트북</b>,339000,https://search.shopping.naver.com/gate.nhn?id=83889725424
Apple 맥북 에어 2020년형 M1 512G 골드 (MGNE3KH/A),1467000,https://search.shopping.naver.com/gate.nhn?id=25040161524
삼성전자 갤럭시북 이온2 NT950XDA-K78AW,1655290,https://search.shopping.naver.com/gate.nhn?id=25310862522
삼성전자 <b>노트북</b>9 ALWAYS NT900X5N-K58L,1390000,https://search.shopping.naver.com/gate.nhn?id=10829112621
LG전자 그램17 17Z90P-GA56K,1649990,https://search.shopping.naver.com/gate.nhn?id=25255958522
레노버 Slim3 17ITL PD,498990,https://search.shopping.naver.com/gate.nhn?id=27358784522
삼성전자 <b>노트북</b>5 METAL NT560XAZ-AD5A,688990,https://search.shopping.naver.com/gate.nhn?id=15071059644
삼성전자 <b>노트북</b> 플러스 NT550XCJ-K78WA,1139050,https://search.shopping.naver.com/gate.nhn?id=22508532786
갤럭시북 갤럭시 북 고 GO 14인치 가개통 미개봉 NT345XLA 실버,311320,https://search.shopping.naver.com/gate.nhn?id=29400118420
삼성전자 갤럭시북 NT755XDA-KC58S,1097990,https://search.shopping.naver.com/gate.nhn?id=27599936524
에이서 니트로5 AN515-58-71Z5,1479000,https://search.shopping.naver.com/gate.nhn?id=31820137620
삼성전자 <b>노트북</b>5 NT550EBE-K28WS,714180,https://search.shopping.naver.com/gate.nhn?id=21712984749
LG전자 그램14 14Z90N-EB36K,1133990,https://search.shopping.naver.com/gate.nhn?id=24007303522
삼성전자 <b>노트북</b>9 METAL NT900K3Z-KD3A,1098990,https://search.shopping.naver.com/gate.nhn?id=18031081829
LG전자 그램17 17Z90N-VA7BK,1853040,https://search.shopping.naver.com/gate.nhn?id=21489667652
삼성전자 갤럭시북 이온 NT930XCR-A38A,1298990,https://search.shopping.naver.com/gate.nhn?id=21496688370
LG전자 그램17 17Z90P-GA50K,1637910,https://search.shopping.naver.com/gate.nhn?id=25310217525
MSI 게이밍 GP76 Leopard 11UG RTX3070 게이밍 <b>노트북</b> (PRO),2059000,https://search.shopping.naver.com/gate.nhn?id=83288923508
에이서 니트로5 AN515-45 3060,1199000,https://search.shopping.naver.com/gate.nhn?id=27107436528
삼성전자 <b>노트북</b> PEN S NT930SBE-K58A,1804990,https://search.shopping.naver.com/gate.nhn?id=16598716528
HP 엘리트 드래곤플라이 G3 6W7M2PA,2409000,https://search.shopping.naver.com/gate.nhn?id=33676485620
LG전자 그램15 15ZD995-VX50K,1348990,https://search.shopping.naver.com/gate.nhn?id=21645820190
LG전자 2022 그램16 16ZD95P-GX56K WIN10 PRO 설치세팅,1490000,https://search.shopping.naver.com/gate.nhn?id=83768009815
ASUS 비보북 15 OLED M513UA-L1251,839000,https://search.shopping.naver.com/gate.nhn?id=29125111589
HP 프로북 455 G7-3Q044PA,509000,https://search.shopping.naver.com/gate.nhn?id=23306972495
LG전자 울트라기어 17U70P-FA56K,1368990,https://search.shopping.naver.com/gate.nhn?id=26588132522
LG전자 울트라기어 15UD70N-PX70K,1481110,https://search.shopping.naver.com/gate.nhn?id=21812388031
LG전자 LG그램 16Z95P-GA7BK,1499990,https://search.shopping.naver.com/gate.nhn?id=30365615622
[단기 15일] LG그램 게이밍<b>노트북</b> 단기렌탈,60000,https://search.shopping.naver.com/gate.nhn?id=33281797458
ASUS 16X OLED N7600ZE-L2021,1899000,https://search.shopping.naver.com/gate.nhn?id=33759096619
LG전자 그램15 15ZD990-VX70K <b>노트북</b>,1590550,https://search.shopping.naver.com/gate.nhn?id=16869734775
레노버 아이디어패드 SLIM3-17ITL 17인치 펜티엄 가성비 <b>노트북</b> 저렴한 싼 <b>노트북</b>,499000,https://search.shopping.naver.com/gate.nhn?id=84065029077
LG전자 울트라PC 15U50P-KA7DK,1293990,https://search.shopping.naver.com/gate.nhn?id=30677760619
LG그램 엘지그램<b>노트북</b> 13인치 13Z940/13ZD940,435100,https://search.shopping.naver.com/gate.nhn?id=29395086075
삼성전자 <b>노트북</b>5 METAL NT550XAA-X78,1088990,https://search.shopping.naver.com/gate.nhn?id=14035459313
LG전자 그램360 16T90Q-GA7BK,2383900,https://search.shopping.naver.com/gate.nhn?id=31516607619
LG전자 그램15 15Z990-HA50K <b>노트북</b>,1469930,https://search.shopping.naver.com/gate.nhn?id=16941142329
리퍼 <b>노트북</b> 디클 클릭북 D11 재택근무 업무용 싼 <b>노트북</b> 저렴한 가성비 미니 <b>노트북</b>,229000,https://search.shopping.naver.com/gate.nhn?id=83560124045
ASUS ROG Flow Z13 GZ301ZA-LD107W,1849000,https://search.shopping.naver.com/gate.nhn?id=32843113618
ASUS F15 FX506HCB-HN144,949000,https://search.shopping.naver.com/gate.nhn?id=31199672624
Apple 맥북 프로 13형 2020년형 M1 512G 스페이스 그레이 (MYD92KH/A),1803200,https://search.shopping.naver.com/gate.nhn?id=25040812524
DELL 보스트로 15 7510 WP05KR,1729000,https://search.shopping.naver.com/gate.nhn?id=28390838556
레노버 Slim3 17ITL 5D,669240,https://search.shopping.naver.com/gate.nhn?id=27358706522
삼성전자 <b>노트북</b>5 NT500R5M-K27W,598990,https://search.shopping.naver.com/gate.nhn?id=14462660252
<b>노트북</b> 렌탈 대여 삼성NT911S3L 사무용 게이밍 장기 단기 가정용 교육용 30일 대여,50000,https://search.shopping.naver.com/gate.nhn?id=84002566503
삼성전자 <b>노트북</b>9 ALWAYS NT900X5T-K58A,1588590,https://search.shopping.naver.com/gate.nhn?id=12909685431
MSI Sword GF76 A11UC RTX3050 17인치 배그 롤 게이밍 <b>노트북</b>,1359000,https://search.shopping.naver.com/gate.nhn?id=83698441689
HP Laptop 15S-EQ1151AU,529000,https://search.shopping.naver.com/gate.nhn?id=26013096522
삼성전자 삼성 NT930QDB-KC59S,1497490,https://search.shopping.naver.com/gate.nhn?id=29312292623
LG전자 그램15 15Z95N-L.ARPMK,780200,https://search.shopping.naver.com/gate.nhn?id=31336075618
LG전자 그램17 17Z995-VA50K,1487970,https://search.shopping.naver.com/gate.nhn?id=21885656607
LG전자 울트라PC 15U590-LR26K,496990,https://search.shopping.naver.com/gate.nhn?id=20718458129
ASUS F15 FX506HM-HN130,1199000,https://search.shopping.naver.com/gate.nhn?id=31120477620
LG전자 울트라PC 15UD70N-GX56K,1049990,https://search.shopping.naver.com/gate.nhn?id=21725794628
삼성전자 갤럭시북 프로360 NT930QDB-KC52G,1649990,https://search.shopping.naver.com/gate.nhn?id=30527445618
ASUS X515EA-BQ040,648600,https://search.shopping.naver.com/gate.nhn?id=26980427522
Apple 맥북 프로 16형 2019년형 1T 스페이스 그레이 (MVVK2KH/A),3562490,https://search.shopping.naver.com/gate.nhn?id=21354279487
레노버 아이디어패드 Slim5 Pro 14ITL6 82L3004EKR,699000,https://search.shopping.naver.com/gate.nhn?id=28968847587
HP 프로북 450 G8-2Z9A2PA,799000,https://search.shopping.naver.com/gate.nhn?id=25188153522
레노버 아이디어패드 Slim3 14ABA7 R5 DOS,579000,https://search.shopping.naver.com/gate.nhn?id=33178267618
LG전자 울트라PC 15UD50N-KX50K,848000,https://search.shopping.naver.com/gate.nhn?id=22578612656
LG전자 그램15 15Z90P-GA76K,1689050,https://search.shopping.naver.com/gate.nhn?id=27380080522
레노버 리전 5 15ACH R7 3060 PRO Edition DOS,1365000,https://search.shopping.naver.com/gate.nhn?id=30416393618
HP 15s-fq5091TU,542710,https://search.shopping.naver.com/gate.nhn?id=32984453620
ASUS TUF Dash F15 FX517ZC-HN013 주식 배그 고성능 가성비 <b>노트북</b>,1499000,https://search.shopping.naver.com/gate.nhn?id=84200517371
ASUS F17 FX706HM-HX006,1685300,https://search.shopping.naver.com/gate.nhn?id=28419096554
LG전자 그램360 14TD90P-GX56K,1222510,https://search.shopping.naver.com/gate.nhn?id=26761381522
삼성전자 갤럭시북 플렉스 NT930QCT-A38A,1488900,https://search.shopping.naver.com/gate.nhn?id=21490857362
[렌탈] 컴퓨터 <b>노트북</b> 사무용 i3 i5 i7,25000,https://search.shopping.naver.com/gate.nhn?id=31779740902
LG전자 울트라PC 15U590-KA56K,948990,https://search.shopping.naver.com/gate.nhn?id=18166545553
삼성전자 갤럭시북 이온2 NT950XDA-KC38W,1473840,https://search.shopping.naver.com/gate.nhn?id=25578629522
ASUS 비보북프로 14X OLED N7400PC-KM006,1219000,https://search.shopping.naver.com/gate.nhn?id=32251262621
삼성전자 갤럭시북 이온2 NT950XDA-XC58W,1633350,https://search.shopping.naver.com/gate.nhn?id=25578567522
삼성전자 갤럭시북 이온2 NT950XDZ-A38AW,1368500,https://search.shopping.naver.com/gate.nhn?id=25310659522
ASUS 비보북 S15 M533IA-BN298,999000,https://search.shopping.naver.com/gate.nhn?id=27149790523
삼성전자 <b>노트북</b>PEN NT930QBV-A58A,1709040,https://search.shopping.naver.com/gate.nhn?id=16599279754
HP 프로북 450 G8-2Z8Z9PA,969000,https://search.shopping.naver.com/gate.nhn?id=25411228526
한성컴퓨터 TFX5135UW,989000,https://search.shopping.naver.com/gate.nhn?id=25351569522
LG전자 그램17 17Z990-VA76K,1948890,https://search.shopping.naver.com/gate.nhn?id=16883478448
삼성전자 삼성 NT550XCJ-KC34W,728990,https://search.shopping.naver.com/gate.nhn?id=22697144199
LG전자 울트라PC 16U70Q-GA56K,1179000,https://search.shopping.naver.com/gate.nhn?id=33515654618
한성컴퓨터 TFG5576XG,1569000,https://search.shopping.naver.com/gate.nhn?id=28511888555
LG전자 그램17 17ZD990-VX5BK,1430000,https://search.shopping.naver.com/gate.nhn?id=16675205143
LG전자 17Z90Q-GA5WK,2081790,https://search.shopping.naver.com/gate.nhn?id=31501290621
삼성전자 갤럭시북2 프로360 NT950QED-KF51G,2085320,https://search.shopping.naver.com/gate.nhn?id=31626215618
HP VICTUS 16-d1111TX,1081650,https://search.shopping.naver.com/gate.nhn?id=31040899619
삼성전자 갤럭시북 이온 NT950XCR-A38A,1349000,https://search.shopping.naver.com/gate.nhn?id=21496725860
Apple 맥북 프로 14형 2021년 M1 Pro 10코어 CPU 및 16코어 GPU 1T 스페이스 그레이 (MKGQ3KH/A),3039000,https://search.shopping.naver.com/gate.nhn?id=29412826622
삼성전자 <b>노트북</b>5 METAL NT560XBV-GD7A,807580,https://search.shopping.naver.com/gate.nhn?id=16675202963
삼성전자 <b>노트북</b>9 ALWAYS NT950XBV-A58M,1498990,https://search.shopping.naver.com/gate.nhn?id=17310873306
Apple 맥북 프로 16형 2021년 M1 Max 10코어 CPU 및 32코어 GPU 1T 스페이스 그레이 (MK1A3KH/A),4333200,https://search.shopping.naver.com/gate.nhn?id=29412482622
삼성전자 삼성 NT950QDB-KC52G,1648410,https://search.shopping.naver.com/gate.nhn?id=30378196618
레노버 씽크북 15 Gen3 ACL 21A4000NKR,441730,https://search.shopping.naver.com/gate.nhn?id=30455020618
MSI Vector GP76 12UH,3099000,https://search.shopping.naver.com/gate.nhn?id=31133580618
LG전자 울트라기어 17UD70N-PX56K,1278990,https://search.shopping.naver.com/gate.nhn?id=21934065688
LG 그램 <b>노트북</b> 가벼운 14인치 <b>노트북</b> 사무용 대학생 인강용 <b>노트북</b> 14Z960,439000,https://search.shopping.naver.com/gate.nhn?id=84046882579
레노버 아이디어패드 FLEX5 16ALC7 82RA004BKR,879000,https://search.shopping.naver.com/gate.nhn?id=33316298618
삼성전자 갤럭시북 NT750XDA-XD72U,1298990,https://search.shopping.naver.com/gate.nhn?id=32146583618
삼성전자 <b>노트북</b> PEN S NT930SBE-K38A,1698990,https://search.shopping.naver.com/gate.nhn?id=16598899069
삼성전자 <b>노트북</b> 플러스 NT550XCJ-KF34W,698990,https://search.shopping.naver.com/gate.nhn?id=22692497128
한성컴퓨터 TFG7175T,1409000,https://search.shopping.naver.com/gate.nhn?id=28001672522
삼성전자 <b>노트북</b>PEN NT930QAA-K28A,1749990,https://search.shopping.naver.com/gate.nhn?id=13237329046
삼성전자 갤럭시북 프로 NT950XDC-XL52S,1579140,https://search.shopping.naver.com/gate.nhn?id=30586651625
LG전자 그램17 17ZD995-VX50K,1439960,https://search.shopping.naver.com/gate.nhn?id=21729649663
삼성전자 <b>노트북</b>9 ALWAYS NT950XBE-K58,1573400,https://search.shopping.naver.com/gate.nhn?id=17310890729
HP 16-d1120TX,1174710,https://search.shopping.naver.com/gate.nhn?id=32984079618
LG전자 울트라PC 15U50P-GA5IK,1069300,https://search.shopping.naver.com/gate.nhn?id=26556755522
LG전자 울트라PC 17UD70N-GX56K,958990,https://search.shopping.naver.com/gate.nhn?id=21934062663
삼성전자 갤럭시북 플렉스2 NT930QDA-K71AZ,2306840,https://search.shopping.naver.com/gate.nhn?id=25308736522
삼성전자 갤럭시북 플렉스 NT950QCG-XF716,2098980,https://search.shopping.naver.com/gate.nhn?id=21713128967
ASUS X515EA-BQ042,396900,https://search.shopping.naver.com/gate.nhn?id=26698909523
ASUS G15 G513RC-HN015,1299000,https://search.shopping.naver.com/gate.nhn?id=31121308618
LG전자 그램15 15Z990-VA5WK,1397300,https://search.shopping.naver.com/gate.nhn?id=19390222700
LG전자 그램14 14ZD995-GX50K,1191430,https://search.shopping.naver.com/gate.nhn?id=21653316250
삼성전자 <b>노트북</b> FLASH NT530XBB-K24W,1757490,https://search.shopping.naver.com/gate.nhn?id=16099094399
레노버 씽크패드 E15 Gen4 21E6S00200,880220,https://search.shopping.naver.com/gate.nhn?id=32979585618
주연테크 J3GWUP,268770,https://search.shopping.naver.com/gate.nhn?id=29973651619
레노버 씽크패드 E15 G3 20YG0011KD,802980,https://search.shopping.naver.com/gate.nhn?id=28294723554
삼성전자 <b>노트북</b>7 NT750XBE-X516L,1514990,https://search.shopping.naver.com/gate.nhn?id=21769056571
LG전자 그램17 17ZD990-VX70K,1610160,https://search.shopping.naver.com/gate.nhn?id=16675204818
레노버 아이디어패드 Slim3-15ADA05 A4W,349000,https://search.shopping.naver.com/gate.nhn?id=30269972618
삼성전자 <b>노트북</b>9 ALWAYS NT900X5V-A39A,1253040,https://search.shopping.naver.com/gate.nhn?id=15571698227
LG 그램 15인치 대학생 인강용 사무용 업무용 저가 초경량 <b>노트북</b> 저렴 싼 문서작업용,699000,https://search.shopping.naver.com/gate.nhn?id=84199790442
삼성전자 갤럭시북 이온2 NT930XDZ-A38AW,1416730,https://search.shopping.naver.com/gate.nhn?id=25311925523
삼성전자 <b>노트북</b>9 ALWAYS NT950XBV-A58A,1298990,https://search.shopping.naver.com/gate.nhn?id=16885126963
LG전자 LG그램 16Z95P-GR5KK,1298990,https://search.shopping.naver.com/gate.nhn?id=30365646618
HP 15s-eq3021AU,569000,https://search.shopping.naver.com/gate.nhn?id=32731960619
한성컴퓨터 TFX3150U Pro,759000,https://search.shopping.naver.com/gate.nhn?id=29327508618
MSI Titan GT77 12UHS-i9 4K WIN11,6149000,https://search.shopping.naver.com/gate.nhn?id=33718825618
삼성전자 <b>노트북</b>5 NT550EAZ-AD1A,449000,https://search.shopping.naver.com/gate.nhn?id=14296805336
삼성전자 갤럭시북 플렉스 NT950QCG-X716,1799000,https://search.shopping.naver.com/gate.nhn?id=21496746098
삼성전자 <b>노트북</b>5 NT550EAZ-AD2A,568990,https://search.shopping.naver.com/gate.nhn?id=14163091478
삼성전자 갤럭시북 NT750XDA-KE51S,997620,https://search.shopping.naver.com/gate.nhn?id=27599979527
삼성전자 <b>노트북</b>5 METAL NT560XBV-AD5A,678990,https://search.shopping.naver.com/gate.nhn?id=16932817624
LG전자 그램15 15Z90N-HR56K,1428990,https://search.shopping.naver.com/gate.nhn?id=21482373877
삼성전자 <b>노트북</b>9 ALWAYS NT900X3U-K24,990990,https://search.shopping.naver.com/gate.nhn?id=16498641139
삼성 총32GB HP OMEN 15-en1027AX 게이밍 게임용 <b>노트북</b> RTX3070,1999000,https://search.shopping.naver.com/gate.nhn?id=83273012840
LG전자 그램17 17Z90N-VA50K,1499620,https://search.shopping.naver.com/gate.nhn?id=21614483160
레노버 씽크북 15 Gen3 ACL 21A4000DKR,708920,https://search.shopping.naver.com/gate.nhn?id=30455271618
삼성전자 리퍼 삼성 <b>노트북</b> i7 7700/16G/SSD 256G/GF 920MX,542090,https://search.shopping.naver.com/gate.nhn?id=32863698739
LG전자 그램360 16T90Q-GA70K,2146000,https://search.shopping.naver.com/gate.nhn?id=31407035618
삼성전자 갤럭시북 S NT767XCM-KC38S,788940,https://search.shopping.naver.com/gate.nhn?id=25649255522
주연테크 슈퍼플라이 J9ST,899000,https://search.shopping.naver.com/gate.nhn?id=25403924522
ASUS G17 G713RS-LL012,2799000,https://search.shopping.naver.com/gate.nhn?id=32417370619
삼성전자 <b>노트북</b>5 METAL NT560XBE-K54A,845050,https://search.shopping.naver.com/gate.nhn?id=18848817086
LG전자 그램15 15Z990-VA56K <b>노트북</b>,1508870,https://search.shopping.naver.com/gate.nhn?id=16895917281
LG전자 그램15 15Z990-L.AR2DK,1255800,https://search.shopping.naver.com/gate.nhn?id=21720159062
삼성전자 갤럭시북 프로 NT930XDY-A38A,1298990,https://search.shopping.naver.com/gate.nhn?id=26961640522
레노버 아이디어패드 Slim3-15ALC R7 WIN10,699000,https://search.shopping.naver.com/gate.nhn?id=28310209554
ASUS F15 FX507ZC-HN075,1299000,https://search.shopping.naver.com/gate.nhn?id=31130818619
레노버 아이디어패드 Slim 5 Pro 16ACH6 82L500WFKR,1099000,https://search.shopping.naver.com/gate.nhn?id=31220575618
삼성전자 <b>노트북</b>9 ALWAYS NT950XBV-A58WA,1404130,https://search.shopping.naver.com/gate.nhn?id=16892646756
삼성전자 <b>노트북</b>9 ALWAYS NT930XBE-K717A,1849980,https://search.shopping.naver.com/gate.nhn?id=16598683170
ASUS UX8402ZE-M3144W,3099000,https://search.shopping.naver.com/gate.nhn?id=33716598623
HP 파빌리온 15-eg1121TU,889000,https://search.shopping.naver.com/gate.nhn?id=31136534619
삼성전자 갤럭시북 프로 NT950XDC-XC71B,1734990,https://search.shopping.naver.com/gate.nhn?id=27201752525
삼성전자 <b>노트북</b>5 NEW NT500R5W-KD2S,578990,https://search.shopping.naver.com/gate.nhn?id=11181150189
LG전자 그램14 14Z90N-VA76K,1532890,https://search.shopping.naver.com/gate.nhn?id=21490654808
ASUS 젠북 UM325SA-KG084,1008280,https://search.shopping.naver.com/gate.nhn?id=28825720587
삼성전자 <b>노트북</b>5 NEW NT500R5W-KD5S,701380,https://search.shopping.naver.com/gate.nhn?id=10855846702
한성컴퓨터 TFG5275,1399000,https://search.shopping.naver.com/gate.nhn?id=32294706618
레노버 씽크북 G3 ACL 21A2004YKR,563010,https://search.shopping.naver.com/gate.nhn?id=28815737554
LG전자 그램17 17ZD990-GX30K,1348000,https://search.shopping.naver.com/gate.nhn?id=16675205345
에이서 스위프트3 SF314-511 플라이,599000,https://search.shopping.naver.com/gate.nhn?id=29422280619
삼성전자 <b>노트북</b>5 NT550EAA-K34A,807580,https://search.shopping.naver.com/gate.nhn?id=14069491386
삼성전자 <b>노트북</b>5 METAL NT560XBV-AD2A,538990,https://search.shopping.naver.com/gate.nhn?id=17422175746
ASUS ROG Flow X16 GV601RW-M5049W 게이밍 터치<b>노트북</b>,3349000,https://search.shopping.naver.com/gate.nhn?id=84431676100
MSI Sword GF76 A12UE,1749000,https://search.shopping.naver.com/gate.nhn?id=30678884618
LG전자 16Z90Q-GR50K,1676850,https://search.shopping.naver.com/gate.nhn?id=31470583620
ASUS 고성능 게이밍 <b>노트북</b> 그래픽용 영상편집 고사양,1299000,https://search.shopping.naver.com/gate.nhn?id=84431668266
삼성전자 삼성 NT930QDB-KC52N,1649990,https://search.shopping.naver.com/gate.nhn?id=30455510619
LG그램 사무용 학습용 대학생 휴대용 <b>노트북</b> 14Z980 I5 8세대-8250U 더블UP,699000,https://search.shopping.naver.com/gate.nhn?id=84269937129
주연테크 J9ST-15,998990,https://search.shopping.naver.com/gate.nhn?id=28271098554
LG전자 그램14 14ZD90N-VX5BK,1186350,https://search.shopping.naver.com/gate.nhn?id=21489503200
LG전자 울트라PC 13UD50N-GX30K,598990,https://search.shopping.naver.com/gate.nhn?id=22578612677
ASUS UX482EG-KA099T,1758990,https://search.shopping.naver.com/gate.nhn?id=26407550526
LG전자 그램14 14Z90N-VR56K,1298990,https://search.shopping.naver.com/gate.nhn?id=21464820124
레노버 Slim3 14ITL 5DX,594000,https://search.shopping.naver.com/gate.nhn?id=27334520522
HP OMEN 15-en1027AX,1678000,https://search.shopping.naver.com/gate.nhn?id=26741278524
LG전자 그램360 14TD90P-GX70K,1413750,https://search.shopping.naver.com/gate.nhn?id=26870934522
HP VICTUS 16-e0214AX,1198000,https://search.shopping.naver.com/gate.nhn?id=30528614619
LG전자 15Z90N-VA7CL,1349000,https://search.shopping.naver.com/gate.nhn?id=26615137523
HP 엘리트북 845 G7-2F1L9PA,699000,https://search.shopping.naver.com/gate.nhn?id=24651394524
삼성전자 갤럭시북 플렉스2 NT950QDZ-G58AZ,1749000,https://search.shopping.naver.com/gate.nhn?id=25308659522
삼성전자 <b>노트북</b>5 NT550EBZ-AD5A,688990,https://search.shopping.naver.com/gate.nhn?id=17480414843
삼성전자 <b>노트북</b> PEN S NT930SBE-K58W,2090000,https://search.shopping.naver.com/gate.nhn?id=19025275742
삼성 <b>노트북</b>9 NT901X5L i5 8GB SSD128GB 작고 가벼운 중고<b>노트북</b>,399000,https://search.shopping.naver.com/gate.nhn?id=84352707161
LG전자 울트라PC 15UD50P-GX3WK,572270,https://search.shopping.naver.com/gate.nhn?id=27300363522
LG전자 16T90Q-GR5BK,2049890,https://search.shopping.naver.com/gate.nhn?id=31502870620
삼성전자 <b>노트북</b>7 NT750XBV-A38A,898870,https://search.shopping.naver.com/gate.nhn?id=19539094123
LG전자 16T90P-GR5BK,1929000,https://search.shopping.naver.com/gate.nhn?id=31131156629
ASUS 비보북 X515MA-BQ116,299000,https://search.shopping.naver.com/gate.nhn?id=25759693523
