삼성전자 갤럭시북 프로360 NT950QDY-A51A,"1,449,000원",4.9,3993,https://cr.shopping.naver.com/adcr.nhn?x=rNjd2mUN9t2KT8aDkxclI%2F%2F%2F%2Fw%3D%3DsAktI8j8DY9AdskU24XtrN6wcZfQM5fMpLaVSSoNrqkEXtKWU5l2RZhzweonlysWamhOARNXpyjYQCgwo%2FwklyrrZXnhPkAcXsVpSWp1Ow%2Bbn0onK6jy5en%2FB%2Fcd6Ustfitlg6i3L6eEhVO3xtn6IDsv%2BjB2erv%2BZ%2Brrs5VHOiTQgGE7%2BZatKjf5hEf1XctkKIaKMwavJpoZDPS%2BtNB7HTtjMLMF37IGTcafAkl8SUA3k947s3coLwGJFg%2F6MlyZp9dpI0qSdIyMEkpvrTshxl0Pg%2F6PYJW9LpCSumzPJoigK7CtQzZWLlur1%2FFge4%2BEpiRuneTxtmyg4464IRLHDgoToNWfVj%2FJe%2BUPeAR4kuq%2BkudW4LAgR4Xxl%2FdcF1QLKyzC7k%2BxFD9qJHpozHMt%2Fzj6FURihOvVNK6%2BarovFEXYtQd%2Blgjmqw5I623%2BawoOWdeAQGxDMvbzMqZfX%2FPkiSlN3kmpzj8HKpYJst8kuZb68AW%2BTRw5vx5YQldDf3inew2popvk5HxytjbrmvguYxA5m4WdZmdlgz9fvGW92M1b9w3qN7M9QkVdOZJo8dOd3uF%2FLLDIDnh5m6SYKKxqY%2Bwau4fTwOUqyF63FjwpQRls%3D&nvMid=26962413523&catId=50000151
삼성전자 갤럭시북 NT761XDZ-G78A,"1,599,000원",5,1010,https://cr.shopping.naver.com/adcr.nhn?x=%2FiEhYwMO%2Bk95gLUz9SzDMP%2F%2F%2Fw%3D%3DsxmOcQxUbgrcd97Q6cHVAuR7cWPxxRQVot0OdVzdQl8D2JuB1xbdLlYSG9uR1HG3pcm127zoIR28JreESfmqzPh8eku3UHlfxnGUcu4ut4s1ZcgLbgSwOrMjAty0HlqQ2mlFDq6Hrg%2B69X2lXa2oPnd9%2BKy%2Fm0d%2BgYWHtEf61Jo5CNclKwvLyA%2Fys%2F%2FHPPajLkz0CsGQaTEqkfvzTlxJxGiKAIbpwv%2BC6ot980PsBr8Pac1A9eX%2F2kC2ux9IFZyvD21FxD3tUtUAa4gpRS5aIZasJF1TG8DXvuOXRWh2aiSE1QmeK3ZPITzKHcbEnR%2BI8hSSMVCP1aMYaQaLQFnNiXxhH232ABkRVQ0ARUSbFQG5XfqiCwBtPYYwEdSt6i2JA8Xf1aysDNnd%2B%2F0Uq9LXlQhSGVW6ii5yAOLexHrDf361Iv%2Bx%2BJbRMl1B4pRi06RM61YLHgm5elh38PB6DkCSz810e0%2F7oUtw182DVYHDHcyW%2FVcmOKlrXAGmfb6V6sO1h9LzKS%2FrI9nHfQUn9byRdJP6suBQH1V68VSdP4hFuDVgaGYhrBICnEE5G1HEyqU5hl3HizkdtrpQwpLijwqxJgoKoDr6us%2BRKRCOTdsWr9TI%3D&nvMid=31553768618&catId=50000151
LG전자 그램17 17ZD90P-GX56K,"1,210,470원",4.9,670,https://cr.shopping.naver.com/adcr.nhn?x=T6sjPzYC3QXho0ZYeHkZs%2F%2F%2F%2Fw%3D%3DsX6CI3zry7e8mo618M1OU3mp%2Fse06qUUQH0b2NmhB8hsXtKWU5l2RZhzweonlysWafRnOX0FENVzvk6%2BOkWtvMbrZXnhPkAcXsVpSWp1Ow%2Bbn0onK6jy5en%2FB%2Fcd6Ustfitlg6i3L6eEhVO3xtn6IDsv%2BjB2erv%2BZ%2Brrs5VHOiTQgGE7%2BZatKjf5hEf1XctkK66uTjAef2lR6MlSprel0hNjMLMF37IGTcafAkl8SUA3k947s3coLwGJFg%2F6MlyZp9dpI0qSdIyMEkpvrTshxl0Pg%2F6PYJW9LpCSumzPJoigK7CtQzZWLlur1%2FFge4%2BEpJdvJYzhGu7rqS4%2FHcj5s9zf3aGh0REhXyUN6BIdhGaWkudW4LAgR4Xxl%2FdcF1QLKPz8rJSNIEUkvxwtAgC0yhrL%2BD79JFqXUHChswIKAa5cn%2F1VmmSweBlT7yh6zw2aj2zy7wCmkmd1Fp1%2BBURvDr1N3kmpzj8HKpYJst8kuZb60GiDlGpybTs4McSV2nwvTofk9vLZ2uLZXDplXDzoJ7cjESmNN%2BryielGV9zcCGt4UWYcC607%2BKKnhCeDiksjFiwmaJjXC%2BSVWf0kSeMUBZAau4fTwOUqyF63FjwpQRls%3D&nvMid=25886897522&catId=50000151
삼성전자 노트북 플러스2 NT550XDA-K14A,"468,000원",4.8,11620,https://cr.shopping.naver.com/adcr.nhn?x=OtrmqJAo9vpSxmcs1qxkyP%2F%2F%2Fw%3D%3DsB7AfXEMv5np19pGsiL6%2BDlqqz5eKqUCcIwEaoCP%2F9qQXtKWU5l2RZhzweonlysWa7J9dCmCojW6%2FKvj0x8cosbrZXnhPkAcXsVpSWp1Ow%2Bbn0onK6jy5en%2FB%2Fcd6Ustfitlg6i3L6eEhVO3xtn6IDsv%2BjB2erv%2BZ%2Brrs5VHOiTQgGE7%2BZatKjf5hEf1XctkKSuwr1zDZFexCvCxAwqQ9RNjMLMF37IGTcafAkl8SUA3k947s3coLwGJFg%2F6MlyZp9dpI0qSdIyMEkpvrTshxl0Pg%2F6PYJW9LpCSumzPJoigK7CtQzZWLlur1%2FFge4%2BEpLey0V8QD%2BrpfxVMEVOTZjlIQsvPyTUmm8PUSK6WlqOukudW4LAgR4Xxl%2FdcF1QLKDZqCE%2BygmJXXFWEnRjPFZj6FURihOvVNK6%2BarovFEXZfhi4BjwgIMvxXagqvhvBfyDYf7ndqrdi%2F3qpBFKgrblN3kmpzj8HKpYJst8kuZb6hWnvZ%2F%2FS94JGCPuuiD8DooWGf4SP5DfOI3upP%2Fm38l8C87YWm5uDFPnokZJYGI8qCiLsFLmqa%2BzEDxRk7ewY0b1NmOoRBMBsXNQGXzjfbC%2BFUQB%2FrDAzm2q1KHRsHkfE%3D&nvMid=26529080523&catId=50000151
삼성전자 갤럭시북2 프로 NT950XEV-G51A,"1,599,000원",4.9,1157,https://cr.shopping.naver.com/adcr.nhn?x=8%2BAPrt8zp215ziOJF5xdpf%2F%2F%2Fw%3D%3DsCBUzCuq3WmXQaMYsA0O9LPWwFtJWjpTU76DvAcCrwKf2m%2FfFa014Vbw4CyFgdKsaKdp2ukdJXyDgytBR4PmBMu4nBTXT8prQBDZBRPlFB5s2PyCMk%2FTiIlzM6LW8a5JPwuUy8fUWEg0u%2FaCT5Piwq1Vd6Z%2BmZ5fvTALbBBPmfKJ6LYABWm6lRkxVNeHofoG1T5hx%2BJm%2BbbDCjaIpuv92RxtDwm%2BqtcL%2F%2BsHW7V7DzFKMN8Qi7WHFYrXkuB4dpGrQNKZAYBw2VpQuZQsnRkw1%2BcOmY27ZGze0Q%2BtXRlM4OxtarJoVrbEtunAYIkKGowOq7q3qc63EJkQI9iCpgMc0VyEhb%2B5%2BbgCLWD5ufmjwVaCy5rjDnXk2U6sJ3Y5BNj1rvmuF%2Fe9SPr1njRspOBgAbKAhfbmRc6T9Q91MqoVII6qWQn%2Bk2SsZdTNTcuBh5IITgASW79iezGla3LA8NRNPmu2Ym9NUy4aWxkLGwGwTY%2BCSdknwRTU4D83OVwQ8JXN9T8AlxSYkXaLH96LNyv1p9aDmj8PAxq3lPN%2BKqvX4iRv%2B%2FYYLCJtPEk3GvRo2eqdXA35CyMrpXQUt3%2FJvHupy5s1ITc7NlRPvorKrNyQBKaY%3D&nvMid=31302646618&catId=50000151
LG전자 LG그램 16ZD95P-GX56K,"1,274,590원",4.9,1509,https://cr.shopping.naver.com/adcr.nhn?x=bIpp%2FZE7sY8dY6ZWty5eNv%2F%2F%2Fw%3D%3DsIQS8Fi4AsZj5279xCnARGOrG7XgAzuhcKL03aLL3NxH2JuB1xbdLlYSG9uR1HG3p0M9DjV8FIwzNDFrMn5x0ah8eku3UHlfxnGUcu4ut4s1ZcgLbgSwOrMjAty0HlqQ2mlFDq6Hrg%2B69X2lXa2oPnd9%2BKy%2Fm0d%2BgYWHtEf61Jo5CNclKwvLyA%2Fys%2F%2FHPPajLj1HJRjE45uzqlZA68CElEyKAIbpwv%2BC6ot980PsBr8Pac1A9eX%2F2kC2ux9IFZyvD21FxD3tUtUAa4gpRS5aIZasJF1TG8DXvuOXRWh2aiSE1QmeK3ZPITzKHcbEnR%2BI8hNhILbyPimk8pTHfwnMdAYaz4QAHhn%2FmMDCDBqNuD6FXfqiCwBtPYYwEdSt6i2JAfcOQk4OU3RbVwsANgjGl5A9eYIHN0YOp7QVFz1FGeKwAUDW%2FF1SYCXEpJOef%2FQBIEhmMsI6oyS3h9LNmzgbPtV0e0%2F7oUtw182DVYHDHcyVY4roRE9oDk9WkjQx1btlFqucUqOSjjEirXW0Y9muU82bA61eFotY3BN9DaNL7K3wVXOUCvlUyvVbqt2utdf5KEHncXsiAsbdUGcHN9bj2CoKoDr6us%2BRKRCOTdsWr9TI%3D&nvMid=30244840618&catId=50000151
LG전자 LG그램 15ZD95P-GX56K,"1,178,860원",4.9,1175,https://cr.shopping.naver.com/adcr.nhn?x=c5TtbOTCGevrSFL5ySDczv%2F%2F%2Fw%3D%3Ds4mtjkeMTuj49EGi2EctuKfU7%2Bdw4UzJ6oT%2BT2gCqvbUXtKWU5l2RZhzweonlysWabEZZQ0WKn1SA%2FfP28sQLRrrZXnhPkAcXsVpSWp1Ow%2Bbn0onK6jy5en%2FB%2Fcd6Ustfitlg6i3L6eEhVO3xtn6IDsv%2BjB2erv%2BZ%2Brrs5VHOiTQgGE7%2BZatKjf5hEf1XctkKzt%2FXDmcJTy0UCsrX%2FiZ5yNjMLMF37IGTcafAkl8SUA3k947s3coLwGJFg%2F6MlyZp9dpI0qSdIyMEkpvrTshxl0Pg%2F6PYJW9LpCSumzPJoigK7CtQzZWLlur1%2FFge4%2BEpVm7BqrrrajZchOwQccIidV9YBnCgL9Blqo%2BU00aSWNakudW4LAgR4Xxl%2FdcF1QLKZ4g16a25cNI50qtZFXyMNd1woZLwre%2F0c6LfC8XQvObtFSlOS%2BljBy5W%2FAWZVITlEf23Prhyb0NGs8FX4dzA3lN3kmpzj8HKpYJst8kuZb6JYyEHvuZwPL9bWNT96JPLk13eSqNoJhp3nuJw%2FIwbF2vLJ4lqTaWphCTXtCENQ4A2Hg%2FyhYU3kXidYoDSyCHosXRyfvyIea14%2FvNId%2FKqrwau4fTwOUqyF63FjwpQRls%3D&nvMid=30244441618&catId=50000151
삼성전자 노트북 플러스2 NT550XDZ-AD5A,"699,000원",4.9,5941,https://cr.shopping.naver.com/adcr.nhn?x=GPTdwfAYyIjsdSVtKQewwP%2F%2F%2Fw%3D%3DspttgJuxDdo6xNsRQqn7bGDGJtw5Jk1UC3ge0ZEYWu9T2JuB1xbdLlYSG9uR1HG3pJjvTyCXMlY1D2sbrLMUtlR8eku3UHlfxnGUcu4ut4s1ZcgLbgSwOrMjAty0HlqQ2mlFDq6Hrg%2B69X2lXa2oPnd9%2BKy%2Fm0d%2BgYWHtEf61Jo5CNclKwvLyA%2Fys%2F%2FHPPajLXAAoEYlGVMFrpnJbqTiwTCKAIbpwv%2BC6ot980PsBr8Pac1A9eX%2F2kC2ux9IFZyvD21FxD3tUtUAa4gpRS5aIZasJF1TG8DXvuOXRWh2aiSE1QmeK3ZPITzKHcbEnR%2BI8G105dBaPsyi4Bs%2BjmQczHww1uAazbdeWoCNVpn1B3iBXfqiCwBtPYYwEdSt6i2JAPJvj6Zg0wNVJ1%2BFtCMdX%2BtfFbr%2BF%2Ba%2B%2F8r4zXmLZtFlIv%2Bx%2BJbRMl1B4pRi06RM6wz304eh7%2BbEKhiiGzJ1NE10e0%2F7oUtw182DVYHDHcyWLATRDB3IhTDLAbp%2B%2BHaEc1IgOGg8gSEHB0FDqt6Nc%2Bf2GKYTH0ob%2BmFCGDQHsmGxTDDF7pJnUIz7IFLhZIupvD0%2Be54XQFkDBTXGAOUqJyx0cjwVm1BUYVknE7IEMpz4%3D&nvMid=28482155554&catId=50000151
LG전자 LG그램 17Z95P-GA76K,"1,746,590원",4.9,897,https://cr.shopping.naver.com/adcr.nhn?x=0YKklHDjm%2BoOCjM2EDqWyf%2F%2F%2Fw%3D%3DslIBjntkMZc3TY6ICILZKk1yyCrW6dXwVCjApPb8ekXAXtKWU5l2RZhzweonlysWakTum0x1rTljapI%2FS9D4AIbrZXnhPkAcXsVpSWp1Ow%2Bbn0onK6jy5en%2FB%2Fcd6Ustfitlg6i3L6eEhVO3xtn6IDsv%2BjB2erv%2BZ%2Brrs5VHOiTQgGE7%2BZatKjf5hEf1XctkK2XW%2FVONsXz1PuKo2h917TtjMLMF37IGTcafAkl8SUA3k947s3coLwGJFg%2F6MlyZp9dpI0qSdIyMEkpvrTshxl0Pg%2F6PYJW9LpCSumzPJoigK7CtQzZWLlur1%2FFge4%2BEpN2RA9mdxNAfRH%2B9nhYNai8TImYskNTV4KnNTNJFMOvmkudW4LAgR4Xxl%2FdcF1QLKrG4pfIE34hvRK5CNi0STA91woZLwre%2F0c6LfC8XQvOYINlUC%2B9dSnAWGsD4d1OZbtjAIvCRgmaZ7KB3veSDuDpAV4R5GUPhvenWXAE4YQkjdtpyW864E%2FQVTo8WGs88jFLKoqvmkXYdfWcxRgWxXPMrmy1cPfrEfWAwy1fO3Nn8T0nDhTApZ%2BZCR8ouiWG%2B4aH0c21fS2cPd3yANimLmfAau4fTwOUqyF63FjwpQRls%3D&nvMid=30244036618&catId=50000151
삼성전자 갤럭시북 프로360 NT950QDB-K71A,"1,582,520원",4.9,4383,https://cr.shopping.naver.com/adcr.nhn?x=SEvo7WDM35F0xw9CKdGqsv%2F%2F%2Fw%3D%3DsH0%2B0nY7XYijXPdqPnqlBlcV%2BCI%2FdexZRWq%2Bdk2HxGCEXtKWU5l2RZhzweonlysWaVoJzlOWinNXVwBX%2F55rgnbrZXnhPkAcXsVpSWp1Ow%2Bbn0onK6jy5en%2FB%2Fcd6Ustfitlg6i3L6eEhVO3xtn6IDsv%2BjB2erv%2BZ%2Brrs5VHOiTQgGE7%2BZatKjf5hEf1XctkKAqX6RzdJHhD%2FVHGwyaqTu9jMLMF37IGTcafAkl8SUA3k947s3coLwGJFg%2F6MlyZp9dpI0qSdIyMEkpvrTshxl0Pg%2F6PYJW9LpCSumzPJoigK7CtQzZWLlur1%2FFge4%2BEpcH%2BffV5Al1n3dzE%2F8wp48WK41SRGftqs%2F%2F1O9vvvRbKkudW4LAgR4Xxl%2FdcF1QLKCZrLMtWZHhtW1NfiU0x3ibL%2BD79JFqXUHChswIKAa5ctQd%2Blgjmqw5I623%2BawoOWZDQGjsgPZJ0JuGHnfg%2B1wFN3kmpzj8HKpYJst8kuZb4cQBG6MlwjAbIf9HvzcwoRm7hX6ckG8mdF5QpEEyJHiamjRiIOVX3i6OrkgBwcSyQfr4n%2BeoRbhIzW7lsitsJ5vVJSsfQEpU9dBKeZL4XXfUHQIiXcF4qwUXZ2sX76wW8%3D&nvMid=26955662522&catId=50000151
삼성전자 갤럭시북2 프로 NT930XEW-A51A,"1,399,000원",5,1127,https://cr.shopping.naver.com/adcr.nhn?x=Iyyse3vBtZJFvqZK9fracf%2F%2F%2Fw%3D%3DsNtzaiEf2BsRAFg6cEG6xI71gW9vookVjB1uTKs1Xdwz2JuB1xbdLlYSG9uR1HG3pqtsy3sne9lO0MBX0VEZ0yh8eku3UHlfxnGUcu4ut4s1ZcgLbgSwOrMjAty0HlqQ2mlFDq6Hrg%2B69X2lXa2oPnd9%2BKy%2Fm0d%2BgYWHtEf61Jo5CNclKwvLyA%2Fys%2F%2FHPPajLf4M00YXoaybmnR7QuVt5%2BiKAIbpwv%2BC6ot980PsBr8Pac1A9eX%2F2kC2ux9IFZyvD21FxD3tUtUAa4gpRS5aIZasJF1TG8DXvuOXRWh2aiSE1QmeK3ZPITzKHcbEnR%2BI8hqrfU9Gija%2FXyw2QZU6VC1hndkWS5LNJ%2BSx1B3QdenxXfqiCwBtPYYwEdSt6i2JAOLmiGBADVkxH%2BZlNSTxPELJhEk5Bo6FawgHEnhsGtpRIv%2Bx%2BJbRMl1B4pRi06RM6NsAMcQ7tbly5xPGlPpkPWF0e0%2F7oUtw182DVYHDHcyXY6G8xJ2pqg8VW2rPLcpJJwrzJT4wNJpXK%2FMW7Gjwr33s3T4qzSBIVN2HAysFdoOSht85iVO5VU3z%2F3RgJlgzO5E2UQeuui%2BKmbj4iq1%2FIOg4SwcLvxUEucVmH%2BcOht40%3D&nvMid=31302647618&catId=50000151
LG전자 LG그램 17ZD90Q-EX76K,"2,048,190원",5,2114,https://cr.shopping.naver.com/adcr.nhn?x=4Bts9e7H99weZ6A2q5tWn%2F%2F%2F%2Fw%3D%3DsSmBjbcqfkIsO3XoIHiiQDSPv13yi0pDaDNmSbS5k66MXtKWU5l2RZhzweonlysWaSZ0qtnvzPuOfuL425Rdr47rZXnhPkAcXsVpSWp1Ow%2Bbn0onK6jy5en%2FB%2Fcd6Ustfitlg6i3L6eEhVO3xtn6IDsv%2BjB2erv%2BZ%2Brrs5VHOiTQgGE7%2BZatKjf5hEf1XctkK2o4XYZJt0OHmxmu6tjH8RtjMLMF37IGTcafAkl8SUA3k947s3coLwGJFg%2F6MlyZp9dpI0qSdIyMEkpvrTshxl0Pg%2F6PYJW9LpCSumzPJoigK7CtQzZWLlur1%2FFge4%2BEpTAMWd%2Fm5QcqNxYwbuspQeKz8P4h2h%2F76nbWJYYhcNV2kudW4LAgR4Xxl%2FdcF1QLKZag5eH2LPso08cPlC4aghN1woZLwre%2F0c6LfC8XQvOYn%2F1VmmSweBlT7yh6zw2ajybKAOr7d7YqMyKxs%2BZQMWFN3kmpzj8HKpYJst8kuZb74K%2BhIwEEZ%2FL39HmJ%2BWsF5QDxuPOKc4AK1djzD8DYoucQPDEsURT8WOclhfRqRGSJplWCHZdSH02jEHNHNMYe1J%2FTv8P3prVCnYpBYOyA2AUHQIiXcF4qwUXZ2sX76wW8%3D&nvMid=31433706618&catId=50000151
삼성전자 갤럭시북2 프로 NT950XEW-A51A,"1,499,000원",5,1187,https://cr.shopping.naver.com/adcr.nhn?x=Ll7nZNH5wGrEJd1kdssxwP%2F%2F%2Fw%3D%3DswFnmxbMFz4EZz%2Bg%2FSwDiTxCrRDFQgyqa0pdk5MvmCg72m%2FfFa014Vbw4CyFgdKsa0dN%2FmkJQFAoDaxrKcWbBl%2B4nBTXT8prQBDZBRPlFB5s2PyCMk%2FTiIlzM6LW8a5JPwuUy8fUWEg0u%2FaCT5Piwq1Vd6Z%2BmZ5fvTALbBBPmfKJ6LYABWm6lRkxVNeHofoG1OHswv%2FBrZEwWYkriadeMehtDwm%2BqtcL%2F%2BsHW7V7DzFKMN8Qi7WHFYrXkuB4dpGrQNKZAYBw2VpQuZQsnRkw1%2BcOmY27ZGze0Q%2BtXRlM4OxtarJoVrbEtunAYIkKGowOqYBNieG68F%2FCnPAG634sO4SEhb%2B5%2BbgCLWD5ufmjwVaCy5rjDnXk2U6sJ3Y5BNj1ryblPQCI5G%2FWctJVPE6MZ9qAhfbmRc6T9Q91MqoVII6qWQn%2Bk2SsZdTNTcuBh5IIT4ugjAc%2F7MjDL%2B9jDGCZyAe2Ym9NUy4aWxkLGwGwTY%2BDp5G2IHF7aUsfBW6BOyY8hT8AlxSYkXaLH96LNyv1p9bkanyLsvN3ek8aJa0SgQi8M6n%2BZS4hjAj1w2CRgb0Wwb1NmOoRBMBsXNQGXzjfbC%2BFUQB%2FrDAzm2q1KHRsHkfE%3D&nvMid=31313654618&catId=50000151
삼성전자 갤럭시북 NT750XDZ-A51A,"898,990원",4.9,6788,https://cr.shopping.naver.com/adcr.nhn?x=QcMqS0LgQP%2BV0dOa4LB5cv%2F%2F%2Fw%3D%3DsXeLSpXobqHHzc%2F0kQ%2BevqEMe0I5pdDV5IMnVDh9zobMXtKWU5l2RZhzweonlysWaLHg03y1vDKYuLU1%2BjpEe8rrZXnhPkAcXsVpSWp1Ow%2Bbn0onK6jy5en%2FB%2Fcd6Ustfitlg6i3L6eEhVO3xtn6IDsv%2BjB2erv%2BZ%2Brrs5VHOiTQgGE7%2BZatKjf5hEf1XctkKL9r4Iwx6TiQspfGzCjS1ldjMLMF37IGTcafAkl8SUA3k947s3coLwGJFg%2F6MlyZp9dpI0qSdIyMEkpvrTshxl0Pg%2F6PYJW9LpCSumzPJoigK7CtQzZWLlur1%2FFge4%2BEpgnq8YLqtPmoOksx%2FmN482i543VHkUNzh6A2Dqyhz99%2BkudW4LAgR4Xxl%2FdcF1QLK6VYFvKT1iR4EeXhqpRUxez6FURihOvVNK6%2BarovFEXaVEQABQ%2BEHw28GHTiiTOmIchxU9ts6d4U8hU5STmpIw1N3kmpzj8HKpYJst8kuZb7UtzMYRDm2RCvzigavURJwFLKoqvmkXYdfWcxRgWxXPLCC3VPAXznc4YVv%2BLUvDV3emd%2BpOnTQ8JcecQAbD0uPiwmaJjXC%2BSVWf0kSeMUBZAau4fTwOUqyF63FjwpQRls%3D&nvMid=27175663523&catId=50000151
레노버 Slim3 15ITL 5D,"579,000원",4.9,1365,https://cr.shopping.naver.com/adcr.nhn?x=JkoHiJ%2Fp6P2xv9t81Z8uU%2F%2F%2F%2Fw%3D%3Dstwbuwu%2BUOB80B021EHApXp1wDtQu9Q18RXRMXvAKjdv2m%2FfFa014Vbw4CyFgdKsawdhHi3s%2BML01r75BgVPhZe4nBTXT8prQBDZBRPlFB5s2PyCMk%2FTiIlzM6LW8a5JPwuUy8fUWEg0u%2FaCT5Piwq1Vd6Z%2BmZ5fvTALbBBPmfKJ5bQDYB3cjT4MuysiedFUMW9JUPlWNNYdfSNxtS3qz3RtDwm%2BqtcL%2F%2BsHW7V7DzFKMN8Qi7WHFYrXkuB4dpGrQNKZAYBw2VpQuZQsnRkw1%2BcOmY27ZGze0Q%2BtXRlM4OxtarJoVrbEtunAYIkKGowOq1Yn9bzfi2PpTp1wbU02CZyEhb%2B5%2BbgCLWD5ufmjwVaCy5rjDnXk2U6sJ3Y5BNj1rEdiPNBoivfgtrPavH5kTDqAhfbmRc6T9Q91MqoVII6rA7V9s9VJOe9%2Bls8DtNVYPT8cymJxgkVzd6Kue10q1Q54vDy5MatS%2BN9ZdviSNR1RFH%2F6wLU3rMVhpdJSEB1bGT8AlxSYkXaLH96LNyv1p9fLwByf4Aiy227XI%2B4%2BOXHfalYD2oAt5sjrD71vIyuF%2Fb1NmOoRBMBsXNQGXzjfbC%2BFUQB%2FrDAzm2q1KHRsHkfE%3D&nvMid=27126083522&catId=50000151
삼성전자 갤럭시북2 프로360 NT950QEW-A51A,"1,899,000원",5,2068,https://cr.shopping.naver.com/adcr.nhn?x=sfP6eFnuClnt3NwPLoaGhf%2F%2F%2Fw%3D%3DsenJNuLMmik29XaDseTUYg8VvDL67GExl5P%2Fg%2Fs71MUIXtKWU5l2RZhzweonlysWa9KaSCWu3KB65KxQT75PtarrZXnhPkAcXsVpSWp1Ow%2Bbn0onK6jy5en%2FB%2Fcd6Ustfitlg6i3L6eEhVO3xtn6IDsv%2BjB2erv%2BZ%2Brrs5VHOiTQgGE7%2BZatKjf5hEf1XctkK%2F5nFqBJHHY7gatoRNjfSe9jMLMF37IGTcafAkl8SUA3k947s3coLwGJFg%2F6MlyZp9dpI0qSdIyMEkpvrTshxl0Pg%2F6PYJW9LpCSumzPJoigK7CtQzZWLlur1%2FFge4%2BEpJz1x5ZwvT1vqYxHLWLty5%2BK2V7exMnun2FBCv4p788WkudW4LAgR4Xxl%2FdcF1QLKfChxMxVlnlin1WMPqRirZd1woZLwre%2F0c6LfC8XQvOYtQd%2Blgjmqw5I623%2BawoOWmHqESNew3gcs7%2Fp0FyShxFN3kmpzj8HKpYJst8kuZb6dXYQVsJIfJR8pyN1uNR5iw2popvk5HxytjbrmvguYxJtRkEihnQ2KGH%2F3PQ2GsitNsYDf8ESzpsbKN0hHIw9g11SkXvPxCFL9O%2FobcETkVA1QmAmnoJRdq4K9btjkCM0%3D&nvMid=31319663618&catId=50000151
LG전자 LG그램 17ZD90Q-EX56K,"1,924,790원",5,1876,https://cr.shopping.naver.com/adcr.nhn?x=uS8yvH1Ja2enenSnvFweAv%2F%2F%2Fw%3D%3DsEgs%2B0nIUqlxdwJoupm%2BVTr66ao8VxAcdf9fWOa27EML2m%2FfFa014Vbw4CyFgdKsa3aGooHM6jovSfDHK9XcCT%2B4nBTXT8prQBDZBRPlFB5s2PyCMk%2FTiIlzM6LW8a5JPwuUy8fUWEg0u%2FaCT5Piwq1Vd6Z%2BmZ5fvTALbBBPmfKJ6LYABWm6lRkxVNeHofoG1kMNSfD%2BYpa2kLKRNbVuWvBtDwm%2BqtcL%2F%2BsHW7V7DzFKMN8Qi7WHFYrXkuB4dpGrQNKZAYBw2VpQuZQsnRkw1%2BcOmY27ZGze0Q%2BtXRlM4OxtarJoVrbEtunAYIkKGowOqgwXEOpdYdRxmgnt0eN3URiEhb%2B5%2BbgCLWD5ufmjwVaCy5rjDnXk2U6sJ3Y5BNj1ruAURz20GD3pzg9v58esXM6AhfbmRc6T9Q91MqoVII6qSL7hJuPVTfb6yyIaQt8jvNd%2BHxwK7bXlS7uWy0aaTOlHezdEAcEmDJMbjUHEOcVsafVBKd%2BwpaHLjnd4rUdH9T8AlxSYkXaLH96LNyv1p9dJd6DOAna3KX%2F2%2FHzaozA4p3CtuqhyFHE%2BBwJwNFJ6Zb1NmOoRBMBsXNQGXzjfbC%2BFUQB%2FrDAzm2q1KHRsHkfE%3D&nvMid=31420570618&catId=50000151
LG전자 그램17 17ZD90P-GX76K,"1,418,990원",4.9,505,https://cr.shopping.naver.com/adcr.nhn?x=ff%2BuGJnVgUEpqyi9%2B%2BzGjP%2F%2F%2Fw%3D%3Ds4qOdzTmB54hucuT9cKN5upE%2BoJsMpcHnEgZpVGgccEIXtKWU5l2RZhzweonlysWaslumZtgWjkwCzLhIDBq6XrrZXnhPkAcXsVpSWp1Ow%2Bbn0onK6jy5en%2FB%2Fcd6Ustfitlg6i3L6eEhVO3xtn6IDsv%2BjB2erv%2BZ%2Brrs5VHOiTQgGE7%2BZatKjf5hEf1XctkKKi6fxM9s1NAS%2FoXwoFS%2FkdjMLMF37IGTcafAkl8SUA3k947s3coLwGJFg%2F6MlyZp9dpI0qSdIyMEkpvrTshxl0Pg%2F6PYJW9LpCSumzPJoigK7CtQzZWLlur1%2FFge4%2BEpy%2FO4gzUnCCWy054kkSiZQ1IQsvPyTUmm8PUSK6WlqOukudW4LAgR4Xxl%2FdcF1QLKr4ityRBlDHbC%2FOGtYbWJWrL%2BD79JFqXUHChswIKAa5cn%2F1VmmSweBlT7yh6zw2ajbvsOim3Oj7C%2FwehKLqndHFN3kmpzj8HKpYJst8kuZb4SD6SdmP2Vj4cQgAdcD52Vy7Q%2Fn5WHMekTVwdl96jZF7BvjyDto1XW7ogw3FQazkwLSb2sct%2B0Y4djQu9YfQ4%2FJ%2FTv8P3prVCnYpBYOyA2AUHQIiXcF4qwUXZ2sX76wW8%3D&nvMid=25862548522&catId=50000151
LG전자 그램16 16ZD90P-GX56K,"1,268,930원",4.9,1012,https://cr.shopping.naver.com/adcr.nhn?x=%2FnpzdCr%2BIfR2PsaC7a1kvf%2F%2F%2Fw%3D%3DsAxJCiWnb597nz3uT2nsgY5MU7dwUi7Md%2FiSf1sqSOFwXtKWU5l2RZhzweonlysWaVoj0YI2jJGKJKoOueOAe3brZXnhPkAcXsVpSWp1Ow%2Bbn0onK6jy5en%2FB%2Fcd6Ustfitlg6i3L6eEhVO3xtn6IDsv%2BjB2erv%2BZ%2Brrs5VHOiTQgGE7%2BZatKjf5hEf1XctkKbgey1tkj5Vk2ZL%2BmpJ8w6tjMLMF37IGTcafAkl8SUA3k947s3coLwGJFg%2F6MlyZp9dpI0qSdIyMEkpvrTshxl0Pg%2F6PYJW9LpCSumzPJoigK7CtQzZWLlur1%2FFge4%2BEpJ2Bo81DjtmFk%2Fba4VtTHxkbqeEwNmv7B2ut3vrfD7SmkudW4LAgR4Xxl%2FdcF1QLK97BXWZppSzL%2BT0TA0lufnrL%2BD79JFqXUHChswIKAa5fqKeXbKaolgbhLb2YthE7q2zy7wCmkmd1Fp1%2BBURvDr1N3kmpzj8HKpYJst8kuZb7jx5eR%2FWKtaMr3JHcZvQb0cDO2XTTyhZvS2AEhsrgJBtREjUN5Cp4qS4YB57KjY5mx6jCBvFlRF%2FlidBSmQeFv7j3vRDdCrpQa%2B0XC4WuLn0HQIiXcF4qwUXZ2sX76wW8%3D&nvMid=25833665522&catId=50000151
디클 클릭북 D141+,"259,000원",4.5,1651,https://cr.shopping.naver.com/adcr.nhn?x=JLFvQU3q8co8%2BHOnG9d3wP%2F%2F%2Fw%3D%3DsBodI5agDPcqsOtSMELW%2FrD%2Br8Lv01Gacwucx51Sxf9YXtKWU5l2RZhzweonlysWaU48kCXTyYRvuAPsG8hGcq7rZXnhPkAcXsVpSWp1Ow%2Bbn0onK6jy5en%2FB%2Fcd6Ustfitlg6i3L6eEhVO3xtn6IDsv%2BjB2erv%2BZ%2Brrs5VHOiTQgGE7%2BZatKjf5hEf1XctkKj3onNSjXClyVQ5lK7RnTYtjMLMF37IGTcafAkl8SUA3k947s3coLwGJFg%2F6MlyZp9dpI0qSdIyMEkpvrTshxl0Pg%2F6PYJW9LpCSumzPJoigK7CtQzZWLlur1%2FFge4%2BEpZNOr%2Ba%2B3UcEWWU1atbeZY7lJH1q0EGOKact1MGcMYxKkudW4LAgR4Xxl%2FdcF1QLKpGs6EEYgol9%2BBqm9qlUZuLL%2BD79JFqXUHChswIKAa5cPQ431u6w0VnGxRIDS8%2FMJbEHPjEsRjEAcBgnTcPLLCq9WG84DIl0dsnDYrbdK53BzokOyfB36HCiA2jSo5JAZB2kfCUToYSXS9yMHjJawg4dUOC1pPz5h9bzMOSegPEwK1t4ibnqybmMJZ%2BtiYs6PD6nzP3tmYc0pU6n8cgryTkHQIiXcF4qwUXZ2sX76wW8%3D&nvMid=10776767442&catId=50000151
삼성전자 갤럭시북2 프로 NT950XEE-X71A,"1,999,000원",5,1452,https://cr.shopping.naver.com/adcr.nhn?x=3dfLLG4OmbzP8teYkzJhB%2F%2F%2F%2Fw%3D%3DsbxFdGi%2B42Ym55Luz9jn6Tk7Nz85OnNmkLGPVllpWiKD2m%2FfFa014Vbw4CyFgdKsa8TBNCfV8qteWHqaqorIcc%2B4nBTXT8prQBDZBRPlFB5s2PyCMk%2FTiIlzM6LW8a5JPwuUy8fUWEg0u%2FaCT5Piwq1Vd6Z%2BmZ5fvTALbBBPmfKJ6LYABWm6lRkxVNeHofoG1xylCdWCDi2xvTeZDezNjShtDwm%2BqtcL%2F%2BsHW7V7DzFKMN8Qi7WHFYrXkuB4dpGrQNKZAYBw2VpQuZQsnRkw1%2BcOmY27ZGze0Q%2BtXRlM4OxtarJoVrbEtunAYIkKGowOqF4GfkhRugrzTnFZwvKDTpyEhb%2B5%2BbgCLWD5ufmjwVaCy5rjDnXk2U6sJ3Y5BNj1rIRPe9Z1MpzoAt78SEigYUKAhfbmRc6T9Q91MqoVII6qWQn%2Bk2SsZdTNTcuBh5IITZiL2ZtQihI%2FjjMUlkPvHnu2Ym9NUy4aWxkLGwGwTY%2BCigKWF2Dh5xu3aufCxRs1oT8AlxSYkXaLH96LNyv1p9XqImeF%2Ffhb0zIfp5lxrsPGhXqgU6iICXEDmcNSAbQVvb1NmOoRBMBsXNQGXzjfbC%2BFUQB%2FrDAzm2q1KHRsHkfE%3D&nvMid=31319676618&catId=50000151
삼성전자 갤럭시북2 프로360 NT950QED-K71A,"2,199,880원",5,5056,https://cr.shopping.naver.com/adcr.nhn?x=%2Bq4TkHAiqpcieNI5iF%2Bj7f%2F%2F%2Fw%3D%3Dsc1mdkuyyKfWfBGnBD%2BpP39WAJl%2FHx7zCiufUtJbPsL%2F2m%2FfFa014Vbw4CyFgdKsaMmLE%2FhrvRO4U93iUvsZs3u4nBTXT8prQBDZBRPlFB5s2PyCMk%2FTiIlzM6LW8a5JPwuUy8fUWEg0u%2FaCT5Piwq1Vd6Z%2BmZ5fvTALbBBPmfKJ6LYABWm6lRkxVNeHofoG1NyvfkrfMastAXM0HUpaYBRtDwm%2BqtcL%2F%2BsHW7V7DzFKMN8Qi7WHFYrXkuB4dpGrQNKZAYBw2VpQuZQsnRkw1%2BcOmY27ZGze0Q%2BtXRlM4OxtarJoVrbEtunAYIkKGowOqeiL3VhnhXPbJiCcVk8wLOCEhb%2B5%2BbgCLWD5ufmjwVaCy5rjDnXk2U6sJ3Y5BNj1ruxZSMYNeeJPbrdGIlvkaOKAhfbmRc6T9Q91MqoVII6oFey6fYzm8UmN6D4IBhzCZYUMl1jWlbiILUNj28Qp8D%2B2Ym9NUy4aWxkLGwGwTY%2BAui1gbbWIswWt3lJTVhEYoT8AlxSYkXaLH96LNyv1p9SNCM8wQJSDZ2WjHpXEwMMhZeUl7xxePT5WtLE2HkX1kb1NmOoRBMBsXNQGXzjfbC%2BFUQB%2FrDAzm2q1KHRsHkfE%3D&nvMid=31302323618&catId=50000151
디클 클릭북 D14 Win11,"299,000원",4.6,6932,https://cr.shopping.naver.com/adcr.nhn?x=ueMT2L%2BRnOpdxMZZN%2BASRP%2F%2F%2Fw%3D%3Dsw3wtAhktCsqUwvqmsgcKL6YgFyY4p1pdoTgJszkRpH4XtKWU5l2RZhzweonlysWa03VEB6LsAetSLKQ2xokzSbrZXnhPkAcXsVpSWp1Ow%2Bbn0onK6jy5en%2FB%2Fcd6Ustfitlg6i3L6eEhVO3xtn6IDsv%2BjB2erv%2BZ%2Brrs5VHOiTQgGE7%2BZatKjf5hEf1XctkKUpX%2FJsAfy%2B2cdzU2oBvCjdjMLMF37IGTcafAkl8SUA3k947s3coLwGJFg%2F6MlyZp9dpI0qSdIyMEkpvrTshxl0Pg%2F6PYJW9LpCSumzPJoigK7CtQzZWLlur1%2FFge4%2BEpKytrZ8JwgX8Xo0PEl9oZUq2HaqC8Cj1DbUABmxxEz5ikudW4LAgR4Xxl%2FdcF1QLK7ilT79gfd3CP9di4X%2FeH7t1woZLwre%2F0c6LfC8XQvOYPQ431u6w0VnGxRIDS8%2FMJ3B9HFv2gsjmvFFFCoW5Yd%2FI0fIFRfBZUPaSLRPGc3PJbUbXDWIvmBjNW5TCnnZdnCZmq81bsg83ddzCHCxsCnPoLRdeTzJJo5DQ5ovPMjEWr%2FSz%2BsvQEUqWYHRszjmmaP53XZaN9z7arNd3EX2jyFstVYavx%2B%2B8fWZa9SBc8rqM%3D&nvMid=32267152618&catId=50000151
삼성전자 노트북 플러스2 NT550XDA-K78A,"1,168,000원",4.8,2510,https://cr.shopping.naver.com/adcr.nhn?x=fhzqmdg4i9YjHF61hXX1Af%2F%2F%2Fw%3D%3DsgIPjRZEtD4wjSjGxDqis5zay8s8AZYmWRZ6urSgHVjkXtKWU5l2RZhzweonlysWa84iELI9%2F%2BK80XqzwmViptrrZXnhPkAcXsVpSWp1Ow%2Bbn0onK6jy5en%2FB%2Fcd6Ustfitlg6i3L6eEhVO3xtn6IDsv%2BjB2erv%2BZ%2Brrs5VHOiTQgGE7%2BZatKjf5hEf1XctkKF0TDT8jtg%2BapbpGQb5NpUtjMLMF37IGTcafAkl8SUA3k947s3coLwGJFg%2F6MlyZp9dpI0qSdIyMEkpvrTshxl0Pg%2F6PYJW9LpCSumzPJoigK7CtQzZWLlur1%2FFge4%2BEpAQCSxpsBcBebBz90J1ZiQGuze7Xynw1HKTiTwqLW8n2kudW4LAgR4Xxl%2FdcF1QLKBYuOidbwheBzsXLrd1xcnrL%2BD79JFqXUHChswIKAa5dfhi4BjwgIMvxXagqvhvBf%2BoeeqHwL8NYXMcMlDrqUt1N3kmpzj8HKpYJst8kuZb7zOtig7q%2FpAFkSFUveUoK9w2popvk5HxytjbrmvguYxFeTyr8mQB1pqQ%2FICTWhWrzKGFFUte2Gf%2FedJc5%2FVBaxU1ylXEEikpUhflG%2BRulTNAau4fTwOUqyF63FjwpQRls%3D&nvMid=25403427522&catId=50000151
ASUS 비보북 X513EA-BQ031,"635,630원",4.8,521,https://cr.shopping.naver.com/adcr.nhn?x=agIkc25bCAWe1irYTfy2xf%2F%2F%2Fw%3D%3DsjDqMO1n5O2dTbUBDvz3EI20TGWfr0eMSZ%2FQr0wbZ6mIXtKWU5l2RZhzweonlysWa4XOB6ADtBqtn9LE0UPYdM7rZXnhPkAcXsVpSWp1Ow%2Bbn0onK6jy5en%2FB%2Fcd6Ustfitlg6i3L6eEhVO3xtn6IDsv%2BjB2erv%2BZ%2Brrs5VHOiTQgGE7%2BZatKjf5hEf1XctkKFhRTluqRN6Qy8qLNMREImNjMLMF37IGTcafAkl8SUA3k947s3coLwGJFg%2F6MlyZp9dpI0qSdIyMEkpvrTshxl0Pg%2F6PYJW9LpCSumzPJoigK7CtQzZWLlur1%2FFge4%2BEpE2QUV2V8qMMiLoyEv1XiBt%2Fcg1HlBOLY75NNJMhcIN%2BkudW4LAgR4Xxl%2FdcF1QLK5oLtlH8fpuxkWm8eh68zdwZUmNA4gxLTebXdgCfMUNDhZu7yiHEEabYgoQZFPv1VixR3iSl4oG0cpoU%2ByAV2EEqgUuXvTGTX4sQkBtWyn9ep7CevaFNPLfLTRcQguVxG71tqtWQablf%2F77SlIExh5xBnspQe56%2FXjNlrVAlVHVYMA8w9VbzGqBnQvDEv8g%2F8yxN7sowf3bBszTOFNQxvCQ1QmAmnoJRdq4K9btjkCM0%3D&nvMid=24684470526&catId=50000151
삼성전자 갤럭시북 프로360 NT930QDY-A51A,"1,349,000원",4.9,2356,https://cr.shopping.naver.com/adcr.nhn?x=vPxdpDj19KZoRz6IJpiYl%2F%2F%2F%2Fw%3D%3DszCcOo1ezR3lwbg495q%2BvDXp67d2KFobBZZkvdmRfI98XtKWU5l2RZhzweonlysWaOlvkFwSF4t7QTZiBGvq8zrrZXnhPkAcXsVpSWp1Ow%2Bbn0onK6jy5en%2FB%2Fcd6Ustfitlg6i3L6eEhVO3xtn6IDsv%2BjB2erv%2BZ%2Brrs5VHOiTQgGE7%2BZatKjf5hEf1XctkKAwAxwVNuMQMGuqJsxu4lhNjMLMF37IGTcafAkl8SUA3k947s3coLwGJFg%2F6MlyZp9dpI0qSdIyMEkpvrTshxl0Pg%2F6PYJW9LpCSumzPJoigK7CtQzZWLlur1%2FFge4%2BEpQMLs4ePXZdMfohAgdicCW4RNuSAk9mXjtVwL7U5PvNWkudW4LAgR4Xxl%2FdcF1QLKRivcS16IWBBzblIBz4WyELL%2BD79JFqXUHChswIKAa5edAeORql0eNDFqVPqAkCAAdeAQGxDMvbzMqZfX%2FPkiSlN3kmpzj8HKpYJst8kuZb6DRV%2BHBLvxZex89gfi82rKw2popvk5HxytjbrmvguYxPMVEgp93HZB0x3s72oENRCH2rsZE%2BugXqysbw3uKEgfvVJSsfQEpU9dBKeZL4XXfUHQIiXcF4qwUXZ2sX76wW8%3D&nvMid=26963354522&catId=50000151
삼성전자 갤럭시북 NT750XDA-X71A,"1,349,000원",4.9,2676,https://cr.shopping.naver.com/adcr.nhn?x=6nmtvbO3ftnxQPFVDhmN6v%2F%2F%2Fw%3D%3DsNUZBjimJZHiCH2pWBKWTA5g50b%2Bbv94%2BoyXz%2FNUNeOX2m%2FfFa014Vbw4CyFgdKsa7qGJRgpN0GvxCOitZj3GP%2B4nBTXT8prQBDZBRPlFB5s2PyCMk%2FTiIlzM6LW8a5JPwuUy8fUWEg0u%2FaCT5Piwq1Vd6Z%2BmZ5fvTALbBBPmfKL392rcVj5mouEkJq8zyckjpB3PiB2MwN%2BLfwk%2BqbM49xtDwm%2BqtcL%2F%2BsHW7V7DzFKMN8Qi7WHFYrXkuB4dpGrQNKZAYBw2VpQuZQsnRkw1%2BcOmY27ZGze0Q%2BtXRlM4OxtarJoVrbEtunAYIkKGowOqdbEWvjYt5CL%2Fuc6vtve21SEhb%2B5%2BbgCLWD5ufmjwVaCy5rjDnXk2U6sJ3Y5BNj1rb1vvezn7R%2FINP2x1g9yoiaAhfbmRc6T9Q91MqoVII6pVuJNsYnlRM9XVnSU9KnTcO6i1tw1oAyLwexYzRqJslfOb6hOEdGBFy%2BPYa0TWGXEWIuDqtD3qYDJxVHt6R7q9T8AlxSYkXaLH96LNyv1p9ZSlHXco36Av5gOmPFFN15lkbcO5lOWgqJBhxqrKPlAcb1NmOoRBMBsXNQGXzjfbC%2BFUQB%2FrDAzm2q1KHRsHkfE%3D&nvMid=29327500618&catId=50000151
레노버 Slim3 14ALC R5,"453,150원",4.7,743,https://cr.shopping.naver.com/adcr.nhn?x=CiiRodk%2FbKS5MI3a4O7LGf%2F%2F%2Fw%3D%3Ds9yK7L5kBcXi8pEuDNaO62qu%2BK3VCWH89Ac2rTHsJTzn2m%2FfFa014Vbw4CyFgdKsaduNkLLss%2BaiiKzqUhhUxWu4nBTXT8prQBDZBRPlFB5s2PyCMk%2FTiIlzM6LW8a5JPwuUy8fUWEg0u%2FaCT5Piwq1Vd6Z%2BmZ5fvTALbBBPmfKJ5bQDYB3cjT4MuysiedFUMzHkBx%2B%2Bo9Te%2BMHSTG2XuERtDwm%2BqtcL%2F%2BsHW7V7DzFKMN8Qi7WHFYrXkuB4dpGrQNKZAYBw2VpQuZQsnRkw1%2BcOmY27ZGze0Q%2BtXRlM4OxtarJoVrbEtunAYIkKGowOqqYUN8Q7xfjdsJIl%2BaXUZfCEhb%2B5%2BbgCLWD5ufmjwVaCy5rjDnXk2U6sJ3Y5BNj1rUXX%2FwvDo8m7EcD5HfBl6CaAhfbmRc6T9Q91MqoVII6rA7V9s9VJOe9%2Bls8DtNVYPbr41wYtEH%2F0GbveNAAyjIJ4vDy5MatS%2BN9ZdviSNR1T8ftEoTJbAK6j5fP%2B5p3YiT8AlxSYkXaLH96LNyv1p9dHdgVotCXDQSbCxEDDmpDe6k%2BNhxoK7jPDFhkWdf31Kb1NmOoRBMBsXNQGXzjfbC%2BFUQB%2FrDAzm2q1KHRsHkfE%3D&nvMid=27395557522&catId=50000151
디클 클릭북 D17,"369,000원",4.6,1357,https://cr.shopping.naver.com/adcr.nhn?x=t%2FiJUVqUaaROfmtZCHpv0v%2F%2F%2Fw%3D%3Dsbch8ipRD8hC%2BHk6aqvugzCHTietKfLJ%2FJq3%2BWcC1d8sXtKWU5l2RZhzweonlysWaelrIHvqH3KkSFAq%2Flip%2FprHecsjZCc9ev7W9tYHUOp%2FKOgYMeOxOZRIvnHhDwSFBWCnHK6dGc4vBil8bK34ixMv%2BjB2erv%2BZ%2Brrs5VHOiTQgGE7%2BZatKjf5hEf1XctkKF2p18bGxwXNWj6X0DPK8ItjMLMF37IGTcafAkl8SUA3k947s3coLwGJFg%2F6MlyZp9dpI0qSdIyMEkpvrTshxl0Pg%2F6PYJW9LpCSumzPJoigK7CtQzZWLlur1%2FFge4%2BEpVAAVnqU6UqcSTvh4QBwjJI6ASpVItOrM%2F6AL8l%2FuOwOkudW4LAgR4Xxl%2FdcF1QLKLj6xc4cwKrngo%2BPcE0SXdkojX3g7fJUZGRMAq7k1lOcPQ431u6w0VnGxRIDS8%2FMJ%2FQ5BIG6tkz%2FLOzY5PrHLoVN3kmpzj8HKpYJst8kuZb5rFl7TtyOu7DUyxufxsW7foWGf4SP5DfOI3upP%2Fm38lxyG0ZfMDkEHMif0b6DXG%2BRuu791okyi%2B6g0MmdWWNZ6mHogLNhK8PoYMggFgC5fKgau4fTwOUqyF63FjwpQRls%3D&nvMid=20335123909&catId=50000151
LG전자 LG그램 17ZD90Q-GX76K,"1,969,100원",5,1185,https://cr.shopping.naver.com/adcr.nhn?x=KTHMcUg4i%2FmlhmldgyJwAv%2F%2F%2Fw%3D%3DsgHxDtqT8vkfg04jNCvHEDrzpyhsjmGSGrOjeOVDA7Tz2JuB1xbdLlYSG9uR1HG3pfE%2BJCg5xit1lO0QbfAPi3JzpUDzg7BbOYMOIi7Gef73s6XiXoGXL2m0%2FGichovzc46mZSvRkJfp65x%2F5IEAqet9%2BKy%2Fm0d%2BgYWHtEf61Jo5CNclKwvLyA%2Fys%2F%2FHPPajL%2Fs5AI5jhjdB5IabmY4AUkCKAIbpwv%2BC6ot980PsBr8Pac1A9eX%2F2kC2ux9IFZyvD21FxD3tUtUAa4gpRS5aIZasJF1TG8DXvuOXRWh2aiSE1QmeK3ZPITzKHcbEnR%2BI80xAm8EdkjjRyqvczscezf4y0AO4TcwIF4KoKEV5UgRxXfqiCwBtPYYwEdSt6i2JAi69Q67qM3lJYNzefv3cxPAjz9k9vTGDZJcRCmwirAOgAUDW%2FF1SYCXEpJOef%2FQBIhe0pzkkQn1TBh8sCZzSrZF0e0%2F7oUtw182DVYHDHcyU63BT6UDmELNX4udBpt%2BdKLPEfkbSy0inCjzddZy%2B4XVPxXcjujU5PKPetst8ctoljX3fxCA%2BTUmi8nXYuIDF0YSwKlfdWhsIWqoWCLTh6tA4SwcLvxUEucVmH%2BcOht40%3D&nvMid=31409836618&catId=50000151
디클 클릭북 D14u Win11,"359,000원",4.7,1923,https://cr.shopping.naver.com/adcr.nhn?x=eI%2FEbvM17at7dBd2aLwfbv%2F%2F%2Fw%3D%3DsMf9dDz4BsYYlidZimlUKmSq%2FHNntn2HzUDgbzBesPkb2JuB1xbdLlYSG9uR1HG3pK5x9%2F6nuL2h8d%2FmmMVs3ypzpUDzg7BbOYMOIi7Gef73s6XiXoGXL2m0%2FGichovzc46mZSvRkJfp65x%2F5IEAqet9%2BKy%2Fm0d%2BgYWHtEf61Jo5CNclKwvLyA%2Fys%2F%2FHPPajL9F3mPKN%2F1MBkqzUIDekovSKAIbpwv%2BC6ot980PsBr8Pac1A9eX%2F2kC2ux9IFZyvD21FxD3tUtUAa4gpRS5aIZasJF1TG8DXvuOXRWh2aiSE1QmeK3ZPITzKHcbEnR%2BI8Xpr95oIgxxuh9Ar%2FNBAM2UKQ59z7lDDzQrtbz1dS1TFXfqiCwBtPYYwEdSt6i2JAHOdtXbpmXLDmvbTb%2BxnRbCo5iaFbPzCFeHWaYPihkV655SMQfO4YXDA3m3V4SY7NyyapNbNKKwYen4sCPtqBAl7SbK%2F4WgC4RZJK9FTs6ogp245FIZ8Axvd9lVnPM4LlmyP60GQwsScWpZHQqT3kV2JxyHBE3CYnzhPLG%2BOCDMWj5vh8WMQcp%2BjhUmHD5Gopqg6RQJI3NWWQb6onlHyfK%2BR79U%2F6Az3gE9mQ%2Flgn57E%3D&nvMid=31081235618&catId=50000151
디클 클릭북 D11 plus,"289,000원",4.5,1653,https://cr.shopping.naver.com/adcr.nhn?x=Vs1T57PiJ4h9GJkEMKTYK%2F%2F%2F%2Fw%3D%3DslEh0sU2%2BdM2bmNzfagk8nSYw4fEMLIaYmdRlvbB%2FhOf2JuB1xbdLlYSG9uR1HG3pVlpFnoboAB552g9uShRgJ5zpUDzg7BbOYMOIi7Gef73s6XiXoGXL2m0%2FGichovzc46mZSvRkJfp65x%2F5IEAqet9%2BKy%2Fm0d%2BgYWHtEf61Jo5CNclKwvLyA%2Fys%2F%2FHPPajL0MhxF5IsSAleR%2FQBTJqyNSKAIbpwv%2BC6ot980PsBr8Pac1A9eX%2F2kC2ux9IFZyvD21FxD3tUtUAa4gpRS5aIZasJF1TG8DXvuOXRWh2aiSE1QmeK3ZPITzKHcbEnR%2BI8djljZMOFe5WHwE1B0e%2F%2FVkiucY3K%2Fedl5KG4iPO7SllXfqiCwBtPYYwEdSt6i2JAIfQlnnAzp7d%2FBDefoFY3UxSGVW6ii5yAOLexHrDf36255SMQfO4YXDA3m3V4SY7N5PuEiNY3d5W%2FpyCYC60%2B8C4PZsSzG69vSyM32GZlktu9lmaWIvl%2BF7HNdITk0I0Awi1yhQ7CPw6C%2FVRHW6WjqRLPHBVE1X9hF6ZkrnPWwIThtFpnD5eab7Vg8AUYemb6rZaC153l3t5CxtuRP%2FjXHs2OqH9l6YII5ugOGfB4CYY%3D&nvMid=29651098618&catId=50000151
LG전자 LG그램 16Z95P-GA56K,"1,558,000원",4.9,766,https://cr.shopping.naver.com/adcr.nhn?x=VD%2F4K2EUQGvqSs40ggD6zP%2F%2F%2Fw%3D%3DspvOrLJHLJ%2Flq9Yxb4xT5igDTnRkNLpeXAmIUHO4XxHn2JuB1xbdLlYSG9uR1HG3pIiecByEkmFdaVQPNiIdR1JzpUDzg7BbOYMOIi7Gef73s6XiXoGXL2m0%2FGichovzc46mZSvRkJfp65x%2F5IEAqet9%2BKy%2Fm0d%2BgYWHtEf61Jo5CNclKwvLyA%2Fys%2F%2FHPPajL2FIZvR5CVCFxX15NEi1WRiKAIbpwv%2BC6ot980PsBr8Pac1A9eX%2F2kC2ux9IFZyvD21FxD3tUtUAa4gpRS5aIZasJF1TG8DXvuOXRWh2aiSE1QmeK3ZPITzKHcbEnR%2BI8RPHQ0yLmRl3vmyu2A6VWxmAHnQ%2BeGCQYAR3VN2xjQI5XfqiCwBtPYYwEdSt6i2JAXMEH9LxAMbqxM5tEoDvDBSo5iaFbPzCFeHWaYPihkV4AUDW%2FF1SYCXEpJOef%2FQBIRsR70pgzBqHiG4zXUCved69WG84DIl0dsnDYrbdK53AEsADEsjlytKxQEUIMhoSkDJwhG%2BdqNbDdraWjXQI%2BVKA7pcitiux6E7rZKgM%2FU8JAkMVgmLhYxrmRgz3UW6ed4HePPTYEoQE%2BPmOMsUCWnIKoDr6us%2BRKRCOTdsWr9TI%3D&nvMid=30244655618&catId=50000151
삼성전자 갤럭시북2 프로 NT930XED-K71A,"1,849,000원",5,785,https://cr.shopping.naver.com/adcr.nhn?x=GO4q39YfLsBqHpOrWFSIEf%2F%2F%2Fw%3D%3DsZ2jVIQ5IcbwHYk0asrjGRw5I%2Bxazch41K1Jcuv5IGGcXtKWU5l2RZhzweonlysWa8bos1OCiXYCMpGOC5fv6XLHecsjZCc9ev7W9tYHUOp%2FKOgYMeOxOZRIvnHhDwSFBWCnHK6dGc4vBil8bK34ixMv%2BjB2erv%2BZ%2Brrs5VHOiTQgGE7%2BZatKjf5hEf1XctkKlso8uEfGFvOSXEwq2CfPDNjMLMF37IGTcafAkl8SUA3k947s3coLwGJFg%2F6MlyZp9dpI0qSdIyMEkpvrTshxl0Pg%2F6PYJW9LpCSumzPJoigK7CtQzZWLlur1%2FFge4%2BEpkAc%2Fz5vS2LlwvhqHSqjod6z8P4h2h%2F76nbWJYYhcNV2kudW4LAgR4Xxl%2FdcF1QLKnmTK%2B4rDolaukyFtfHluvt1woZLwre%2F0c6LfC8XQvOadAeORql0eNDFqVPqAkCAALD1TvH1AkvBXmcKQ8nf1OFN3kmpzj8HKpYJst8kuZb6wmLOJgK8972%2BuNE4Y5KYFw2popvk5HxytjbrmvguYxHNc7BuRZldbaug9csGRAnAJ88K78%2BQXoZbq1NEuXpcyTL4UfCEBtSeA41I6o9F8jUHQIiXcF4qwUXZ2sX76wW8%3D&nvMid=31313651618&catId=50000151
삼성전자 삼성 NT350XCR-A58M,"590,000원",4.7,1546,https://cr.shopping.naver.com/adcr.nhn?x=ut8xHIvZkaymqumpmqUUoP%2F%2F%2Fw%3D%3Ds%2BIEmVU1FeVZvF3ptVqtQcriHNikRz42j3ZjUd3hN9IaOBZmxznIgryTKD5b6cdHNBMDdibYfpMYethlvXBXkqC2rWxb1WZwHUvI2jrpjaOd4jFqAwmCjPt5T6ifNKTeWlOTP5T%2BVZM2rN9y8Oh9%2FYbngnxQ7ssMZd09T0OjyjIw4ASlh%2Bx6Uvfn2wJu3xRRtj1pfJ7LGydSPKigJd1ODmkCEGV2yT9hxwZwHyQShWIhHtyfaT31ynCnvDrP901aBnV4IBBkq%2F45w3BVe0ikPPoBsJjzV%2F3vl5Lmd9HbkUGI%2FzdYC%2FwYAihDQzAs9Z5v97Lc3PM2BUJQBFKmF9n6j7GovNxFWzA781dOsDXmXgY38jlbLj7iIxsINI%2FaDbutFDRmjWVnh4ghv%2BewP7gIL0Jw9%2FDMX2S1ZzF2txO07wpQI%2Fc%2F%2Fe3HQFm3OUrGD7NdngLqPGq0QTkslYHlY%2BsWu3acFxJt1hZL%2FN80kVNtNffUVwCxK3hyCAhFl8TtVwIZOYnHIcETcJifOE8sb44IMxW%2FRHcv%2BYqPjcRi%2FwNjqaqvOvA8S8ibmcrmd0rGkvLSJ5Hv1T%2FoDPeAT2ZD%2BWCfnsQ%3D%3D&nvMid=25151436528&catId=50000151
LG전자 LG그램 16ZD90Q-EX56K,"1,808,970원",5,2073,https://cr.shopping.naver.com/adcr.nhn?x=D1Motr%2BMKAyZ3fLMBQTCXP%2F%2F%2Fw%3D%3DsXrVEsyexcWtdbO9ukJPp0BZJaAPkgomGvAtbyulw5AQXtKWU5l2RZhzweonlysWaMH87iXxgUb4o4KUaDY2DJrHecsjZCc9ev7W9tYHUOp%2FKOgYMeOxOZRIvnHhDwSFBWCnHK6dGc4vBil8bK34ixMv%2BjB2erv%2BZ%2Brrs5VHOiTQgGE7%2BZatKjf5hEf1XctkK%2B78pINyfcJsQgUf3elTDFNjMLMF37IGTcafAkl8SUA3k947s3coLwGJFg%2F6MlyZp9dpI0qSdIyMEkpvrTshxl0Pg%2F6PYJW9LpCSumzPJoigK7CtQzZWLlur1%2FFge4%2BEpUG%2Bjk5Kk6K5LlyzdgOrphkh9jxwl6p%2B1jQdJ05GUBs2kudW4LAgR4Xxl%2FdcF1QLKEcsVv4%2F1kGYlPfVhBPezX91woZLwre%2F0c6LfC8XQvObqKeXbKaolgbhLb2YthE7q%2Fdg9h8Jzzc%2FA1XxFZOAnHFN3kmpzj8HKpYJst8kuZb7CSuZZtIIMEG7lQ4mfghk2YsAguFUoyStsHig%2BkRQxNNCki8JOe5Qs%2FaK%2BAZZvsD8V3cr7X%2BLycXis69FZTVJCCGcjGf8x8LfTblSw4FgiC0HQIiXcF4qwUXZ2sX76wW8%3D&nvMid=31437074618&catId=50000151
LG전자 LG그램 17ZD95P-GX76K,"1,502,990원",4.9,693,https://cr.shopping.naver.com/adcr.nhn?x=em4jPLMwEmSwys33F3lWP%2F%2F%2F%2Fw%3D%3DsjXDVC3YZRMf1zrqTWMPNhBaF%2ByTnbxgrOrI9t6tqtBEXtKWU5l2RZhzweonlysWaZo6Wpbh6a79fmwMo1c0oqrHecsjZCc9ev7W9tYHUOp%2FKOgYMeOxOZRIvnHhDwSFBWCnHK6dGc4vBil8bK34ixMv%2BjB2erv%2BZ%2Brrs5VHOiTQgGE7%2BZatKjf5hEf1XctkK8dkIzez3Y4oCxswDKLrJ09jMLMF37IGTcafAkl8SUA3k947s3coLwGJFg%2F6MlyZp9dpI0qSdIyMEkpvrTshxl0Pg%2F6PYJW9LpCSumzPJoigK7CtQzZWLlur1%2FFge4%2BEpaAgqS5RU86k8v0YUZJP01qqsNTeSKi2MV%2BhjAKolagSkudW4LAgR4Xxl%2FdcF1QLK0fUokzFbiy4fqSrH3XiSWkojX3g7fJUZGRMAq7k1lOcn%2F1VmmSweBlT7yh6zw2ajKUbZxs8IVYTUdkvCq%2BvNTFN3kmpzj8HKpYJst8kuZb4bjrBoh1d0ZKaJAAzEjBrwy7Q%2Fn5WHMekTVwdl96jZF78V5b9zmxxyxq7p291s%2BYe77i3zsTCUHRfVCQCm1Ia5OeBbz6DgUiikNDjunMPN9EHQIiXcF4qwUXZ2sX76wW8%3D&nvMid=30281736619&catId=50000151
삼성전자 갤럭시북2 프로360 NT930QEW-A51A,"1,749,000원",5,1442,https://cr.shopping.naver.com/adcr.nhn?x=CDgZh1IOuOWTQPM0bGQhfP%2F%2F%2Fw%3D%3DsQGitIbRlhuyMS3VlFp67pFZ6j5tvoB4j%2FGCpsfcHqJD2m%2FfFa014Vbw4CyFgdKsayGQCQ0PELiYeeeq%2BF7b17NGG5eZpfzl5qb2nUEg0oO%2BFofgjZSxIpBMQdhYyFQ3ehH6nuRyS7MuwdqcwxEeAKFVd6Z%2BmZ5fvTALbBBPmfKJ6LYABWm6lRkxVNeHofoG1ntO3jGcWITBkAgxySbUL9BtDwm%2BqtcL%2F%2BsHW7V7DzFKMN8Qi7WHFYrXkuB4dpGrQNKZAYBw2VpQuZQsnRkw1%2BcOmY27ZGze0Q%2BtXRlM4OxtarJoVrbEtunAYIkKGowOqON2sHeQoLA0WjZM8GBsCPCEhb%2B5%2BbgCLWD5ufmjwVaCy5rjDnXk2U6sJ3Y5BNj1rtrTVVX6xoCfRd6xJdz9sjKAhfbmRc6T9Q91MqoVII6rk45xDl1NmdyNQuclEWmZy4ugjAc%2F7MjDL%2B9jDGCZyAe2Ym9NUy4aWxkLGwGwTY%2BD0N6Dqu%2Ba%2FpLsk1S5A8%2BRlT8AlxSYkXaLH96LNyv1p9Q%2Fq19iZBJlZQnOPgnJxOMwmbOkCqJyDy3Yj4Kf%2FBpg0b1NmOoRBMBsXNQGXzjfbC%2BFUQB%2FrDAzm2q1KHRsHkfE%3D&nvMid=31318157619&catId=50000151
LG전자 울트라PC 15UD40Q-GX50K,"737,680원",4.8,591,https://cr.shopping.naver.com/adcr.nhn?x=z8hlyI2AeiZiqvS8ij81y%2F%2F%2F%2Fw%3D%3DsBXRdNlaPiJiGpF%2FyMFctp3GSnqviFLb65iudhRsBiaX2JuB1xbdLlYSG9uR1HG3pvfAZeGpHxzT24JEXwnPpQpzpUDzg7BbOYMOIi7Gef73s6XiXoGXL2m0%2FGichovzc46mZSvRkJfp65x%2F5IEAqet9%2BKy%2Fm0d%2BgYWHtEf61Jo5CNclKwvLyA%2Fys%2F%2FHPPajLHNXVrXx4moBi73qLDHa6uiKAIbpwv%2BC6ot980PsBr8Pac1A9eX%2F2kC2ux9IFZyvD21FxD3tUtUAa4gpRS5aIZasJF1TG8DXvuOXRWh2aiSE1QmeK3ZPITzKHcbEnR%2BI8D0V7%2BYuhJqzLg%2BOJVWtOAfi1jfb72CTD6Ejh2gNPxS1XfqiCwBtPYYwEdSt6i2JAGJjkwWgSS%2BqWroG%2B9eKTUhchLxcrNYW38oEZBkdm980AUDW%2FF1SYCXEpJOef%2FQBIhipbkTiiU%2BRI20i3kXja%2F10e0%2F7oUtw182DVYHDHcyVexLRjXoNB22eTTVfg93uw1Fh7OoE2Osu4SwhzimexoblnmvU%2FAh5DYBUhkO%2BZnk7bN6m7oaT%2F627tMKGi%2FkqefL2Ti8Bf%2B3Jph%2FMjwlluqIKoDr6us%2BRKRCOTdsWr9TI%3D&nvMid=30073734618&catId=50000151
LG전자 LG그램 16ZD95P-GX76K,"1,386,490원",4.9,590,https://cr.shopping.naver.com/adcr.nhn?x=ntZoT3za9smyl9h%2FrnUPf%2F%2F%2F%2Fw%3D%3DsAucV4wjnTsT4s6CrOBbFN3EYZpzPC%2BkVtFFHqU%2BWxaUXtKWU5l2RZhzweonlysWaTbIg0BgVJoZMefQhGlWHBbHecsjZCc9ev7W9tYHUOp%2FKOgYMeOxOZRIvnHhDwSFBWCnHK6dGc4vBil8bK34ixMv%2BjB2erv%2BZ%2Brrs5VHOiTQgGE7%2BZatKjf5hEf1XctkKGEAI4X1ZF1WZ5mzCK0hX5NjMLMF37IGTcafAkl8SUA3k947s3coLwGJFg%2F6MlyZp9dpI0qSdIyMEkpvrTshxl0Pg%2F6PYJW9LpCSumzPJoigK7CtQzZWLlur1%2FFge4%2BEpeWvFnP7Bw8zwlpBtLCl%2BZXelGSKuxiE21oLbnJ9f2DqkudW4LAgR4Xxl%2FdcF1QLKBhndwb2s2Mgvhbv6KVU%2F6N1woZLwre%2F0c6LfC8XQvObqKeXbKaolgbhLb2YthE7qKUbZxs8IVYTUdkvCq%2BvNTFN3kmpzj8HKpYJst8kuZb6DO8rNyLOmkmGHj27NnBldZsCkIJIoJ%2Bqeun3NK2hWLKWA8WupD1ltjylJag0U3d%2BRiY3cOxn%2FwVM51FVKcaHAIQ%2FTR9G9wCRXAQJuAJR%2F7UHQIiXcF4qwUXZ2sX76wW8%3D&nvMid=30244720618&catId=50000151
LG전자 울트라PC 15UD50P-GX30K,"560,300원",4.9,518,https://cr.shopping.naver.com/adcr.nhn?x=uWqEdwc64tjlgKcaRWvnxv%2F%2F%2Fw%3D%3Dsxap9movw8RLh0BcaU7KnxLO4dJRHGUtWZZcCP9G5g7H2JuB1xbdLlYSG9uR1HG3pGe8xzLWn8a6brSoFBbYVhpzpUDzg7BbOYMOIi7Gef73s6XiXoGXL2m0%2FGichovzc46mZSvRkJfp65x%2F5IEAqet9%2BKy%2Fm0d%2BgYWHtEf61Jo5CNclKwvLyA%2Fys%2F%2FHPPajLndYKPilbAAQg9y7GK1ZDGCKAIbpwv%2BC6ot980PsBr8Pac1A9eX%2F2kC2ux9IFZyvD21FxD3tUtUAa4gpRS5aIZasJF1TG8DXvuOXRWh2aiSE1QmeK3ZPITzKHcbEnR%2BI8C389cGURg5RhTgzhmcZgL%2F1wdzib9umYOaAew4RZW5FXfqiCwBtPYYwEdSt6i2JAN8yufVpSSae%2FIOSuG5vPAXf0TZDzrWc0sFfy%2FmfhMFYAUDW%2FF1SYCXEpJOef%2FQBIxMLonHSt4TjMauF78qeq%2BF0e0%2F7oUtw182DVYHDHcyXKfLXh%2Fv5TxFzrZVs20KyPf%2BDl2Ydr%2BqINGgg4SIwKejqPoUzPjKTLrHjdeCsdJBzeUCOl8%2FwjuH2ooDMWAYZ7k8bpLYGcGuhMiE%2BdKXKXqx0cjwVm1BUYVknE7IEMpz4%3D&nvMid=25916227522&catId=50000151
삼성전자 노트북 플러스2 NT550XDZ-AD1A,"449,000원",4.8,4806,https://cr.shopping.naver.com/adcr.nhn?x=eglG2%2BV4Njf%2F8D8kbg4r0v%2F%2F%2Fw%3D%3DscPlXjY9QQYtzutxIHkiyOEziQtKWHRgIhH6Ws40ND6L2JuB1xbdLlYSG9uR1HG3pr78FHR%2B1SfH2M3aI63d0D5zpUDzg7BbOYMOIi7Gef73s6XiXoGXL2m0%2FGichovzc46mZSvRkJfp65x%2F5IEAqet9%2BKy%2Fm0d%2BgYWHtEf61Jo5CNclKwvLyA%2Fys%2F%2FHPPajLGj8HyZULD1oUVZ0LIW8tbSKAIbpwv%2BC6ot980PsBr8Pac1A9eX%2F2kC2ux9IFZyvD21FxD3tUtUAa4gpRS5aIZasJF1TG8DXvuOXRWh2aiSE1QmeK3ZPITzKHcbEnR%2BI8f%2BSSwgIUdd3QZa8yC3bNV9K7rkczC%2FjRFSTyQIEERI9XfqiCwBtPYYwEdSt6i2JAGYFEyJjkNx3AITk5nGmxE2JpKXtddjkok%2BQX32fGpjBIv%2Bx%2BJbRMl1B4pRi06RM6b%2BTPRiKp%2BvvwwCDLxdCnpl0e0%2F7oUtw182DVYHDHcyUDIdZtcQVvnkFkWbSWgJTJH8Z4EzAorUbGUniCKxNZX7%2BFxxJhSCCiUp624RF8KChe53zk%2FEe4Rkixua8yS8yPxKwOJPfX61ZRRMGc4yackoKoDr6us%2BRKRCOTdsWr9TI%3D&nvMid=25313173522&catId=50000151
삼성전자 노트북 플러스2 NT550XDA-K24A,"549,000원",4.8,3586,https://cr.shopping.naver.com/adcr.nhn?x=EyOXE9DAQXjOpsTDvHz0wv%2F%2F%2Fw%3D%3DsIWXzSDk3CMiByF6D39cJWRk5JNOSidmj5K%2Br0o%2FnXbv2JuB1xbdLlYSG9uR1HG3pApCqH%2BaGoPcHOE8wA%2BzGspzpUDzg7BbOYMOIi7Gef73s6XiXoGXL2m0%2FGichovzc46mZSvRkJfp65x%2F5IEAqet9%2BKy%2Fm0d%2BgYWHtEf61Jo5CNclKwvLyA%2Fys%2F%2FHPPajLUcGqqAW%2BY%2BNR49zWdo8c0iKAIbpwv%2BC6ot980PsBr8Pac1A9eX%2F2kC2ux9IFZyvD21FxD3tUtUAa4gpRS5aIZasJF1TG8DXvuOXRWh2aiSE1QmeK3ZPITzKHcbEnR%2BI8FoPyVg2kxrW%2FEsIMpp4F1oOBIGtbSo7iju%2FB4Eux6rlXfqiCwBtPYYwEdSt6i2JA%2FxSXORQrjdlHR0hqAw%2BGB6t0cG2hcCwlxj3dNB9zzAFIv%2Bx%2BJbRMl1B4pRi06RM6c5TP5KrCiqf4OSRG3w0qA10e0%2F7oUtw182DVYHDHcyUg16tOlvJMjf%2Be%2FcDbmz2jH8Z4EzAorUbGUniCKxNZX%2Bpv8zOnE4NvpuPCUNBvnSDvdIBbccwuRWNr%2FawiIpsrNq33VjkKvSlONkCsSuQHBh0cjwVm1BUYVknE7IEMpz4%3D&nvMid=26760806522&catId=50000151
LG전자 울트라PC 15UD50P-GX50K,"791,890원",4.8,837,https://cr.shopping.naver.com/adcr.nhn?x=g6qupKaCbb%2FduETWt300wP%2F%2F%2Fw%3D%3DswqK2x06EmKVPfINHrlKsbcY1wT%2Bw5BP8FgqbjJJ3JwmHpgaDtnS399d7AdMyHqaSdCXY72ngd0KRREfiBcDNgWDK05ZM6y1V0FuW6%2BgiCBnRmUbE2mSSW6lHiLBx1fTGHinNrx5sg4hc%2Bs%2BwYZL3l6Tq%2FbD2MGowZHhNOyBhpCdeDwVUp%2FEynFYEwqiXxUllRv94JaapxKXwhcDyBStP1IRO1B0a49kXbfUGtQlfpimlQ8PQq4z1r2YFdeXh46zEgZF3tLxTmIwDOVY2B%2BXRxD9rXyqENDUD8omnd%2BAEOivf3Vb8LXDlJWzaxi1N0VJ6lDlOIGBJHB08eP9mzxruNjokh7KNEkkbwBBKOUFOEEp0IwGlaf6apOCgTL25FiF2vUClTa2IEr5RRy0KRyN9tyI28QDIftdPo5sZ73mZF1SyHKLiKSNUCB52X%2BpZjr6so64ifB9DVeZ8ffla9GlFdrrX%2FGd3DeS%2BKnkgMOgoHlskMr735EjpBPl3TQqCFbEajr%2Fvhuz%2FM2bOeEg7k3nONUpmSgqXYL9JXMXB%2F9uFKX3r3rEie1%2BUF%2BbMw5lw7JQ3aGimR4pR27mrh1IoDTOSgA%3D%3D&nvMid=25915882523&catId=50000151
삼성전자 노트북 플러스2 NT560XDZ-G78A,"1,398,990원",4.8,1002,https://cr.shopping.naver.com/adcr.nhn?x=QS2zD37I4%2BsG0mRjt5r1cf%2F%2F%2Fw%3D%3Dsf8bk1fs%2BUVzc0ejSJofzqT4HXqOpRrfGsPU2P1Nhlsv2JuB1xbdLlYSG9uR1HG3pX9EMoituVS%2BuOtRaCo68I7OA%2FHcP1rTjiQbebv0RUXwkNbh09I7JRpSuS1rt8bq1bdZPCwQPL2IDDLvKQYc4Ad9%2BKy%2Fm0d%2BgYWHtEf61Jo5CNclKwvLyA%2Fys%2F%2FHPPajLNFCNI3Nz4sZH870DLGc5RCKAIbpwv%2BC6ot980PsBr8Pac1A9eX%2F2kC2ux9IFZyvD21FxD3tUtUAa4gpRS5aIZasJF1TG8DXvuOXRWh2aiSE1QmeK3ZPITzKHcbEnR%2BI88nbVHldIySPAs8tPW9%2Fk9q%2Bl%2FdlkezQGz1d9MKC8FuhXfqiCwBtPYYwEdSt6i2JAphA%2BjxyzgHhXp5HQoMpBEnf0TZDzrWc0sFfy%2FmfhMFZIv%2Bx%2BJbRMl1B4pRi06RM6wtxGRAg9oct7rnhAC1BFdV0e0%2F7oUtw182DVYHDHcyXrjQgBOHU2lzFe4Pdyw6ju%2F3GlX4eBRCvzcaHjgA23MnYEhHK%2FWMEBkbBmyyvVcsWTd0hGW9sevVzP5FLEtRs0%2FVvbKBM2uuFL3Fgatcj3kg4SwcLvxUEucVmH%2BcOht40%3D&nvMid=25312407522&catId=50000151
삼성전자 갤럭시북 S NT767XCM-K38,"798,000원",4.8,3011,https://cr.shopping.naver.com/adcr.nhn?x=Kt0YK8mFU0Dd5i6o7I3PY%2F%2F%2F%2Fw%3D%3DscHGB96QTbZQjjnWbPDLSR7G8LtNN0r1BAK5wltPioX8XtKWU5l2RZhzweonlysWa8iMU1%2Fy7rEYXLL1Fq0fZGVCuv7GBIa8PQ1xR84atdadXgWpuTlDVmaDcvJoEoVz2tzmhQ9MFZSY6HrTng2zRJ8v%2BjB2erv%2BZ%2Brrs5VHOiTQgGE7%2BZatKjf5hEf1XctkKMr5%2Fz5DKq%2F5Uh5j5dk57sNjMLMF37IGTcafAkl8SUA3k947s3coLwGJFg%2F6MlyZp9dpI0qSdIyMEkpvrTshxl0Pg%2F6PYJW9LpCSumzPJoigK7CtQzZWLlur1%2FFge4%2BEp2dCEylzMKbgbR2l3X%2FqVu0h9jxwl6p%2B1jQdJ05GUBs2kudW4LAgR4Xxl%2FdcF1QLKZSP0A0K8B3qJ%2BqaxnkJ6y7L%2BD79JFqXUHChswIKAa5eCFbtXnYtAV%2FcDaU7tRzWglKlpoJdcFtbcKT0IvleMFUqgUuXvTGTX4sQkBtWyn9cwg1Lq6eO1qO%2B77b3ilZYa71tqtWQablf%2F77SlIExh52IwbbOKjwSIGbI5c%2FIwjITBaesDvcfyu6BpR1EjlusW11SkXvPxCFL9O%2FobcETkVA1QmAmnoJRdq4K9btjkCM0%3D&nvMid=23878612522&catId=50000151
삼성전자 삼성 NT350XCR-AD5WA,"689,390원",4.8,7466,https://cr.shopping.naver.com/adcr.nhn?x=KODn1LFSgzPmDZViKajmtv%2F%2F%2Fw%3D%3DsJNOR0rjuKJuu6ruYr1jDljaYvikFc%2FQc1u3M3z4vh%2BD2JuB1xbdLlYSG9uR1HG3pK6%2BnX8D7LAX2pqhAngNbWbOA%2FHcP1rTjiQbebv0RUXwkNbh09I7JRpSuS1rt8bq1bdZPCwQPL2IDDLvKQYc4Ad9%2BKy%2Fm0d%2BgYWHtEf61Jo5CNclKwvLyA%2Fys%2F%2FHPPajL2yT49J%2BpgRltyDBWXl9y7CKAIbpwv%2BC6ot980PsBr8Pac1A9eX%2F2kC2ux9IFZyvD21FxD3tUtUAa4gpRS5aIZasJF1TG8DXvuOXRWh2aiSE1QmeK3ZPITzKHcbEnR%2BI8g%2Bk7yS8ZgOMOoTdRh6trFYDJ65gsEdJSIa1%2BimSd8dxXfqiCwBtPYYwEdSt6i2JAvwoyT4pTlB%2BKaF90xqev7Pj2L7qilNE8egfEoss0t%2FBIv%2Bx%2BJbRMl1B4pRi06RM6LknHMj2Oy4MdBP8WYbYREFxnymBMau7huBRiFGHDzbFpBkvKP8ddGLEEorDCQWB7nizYy31Bk83YvS42ZLEKB3YEhHK%2FWMEBkbBmyyvVcsW8J15O%2BYD0wMeAcop5LSW65E2UQeuui%2BKmbj4iq1%2FIOg4SwcLvxUEucVmH%2BcOht40%3D&nvMid=23487605490&catId=50000151
LG전자 LG그램 16ZD90Q-EX76K,"1,954,000원",5,1625,https://cr.shopping.naver.com/adcr.nhn?x=J%2B7ZrxA5jdJv6CIUtlXpuf%2F%2F%2Fw%3D%3DsygY1ZC87YE4yc5O2jA2r9KvXFSpR5dukp%2FiYl9YuMeX2JuB1xbdLlYSG9uR1HG3pqNMkgbSqG5M8cf3cpBMaDbOA%2FHcP1rTjiQbebv0RUXwkNbh09I7JRpSuS1rt8bq1bdZPCwQPL2IDDLvKQYc4Ad9%2BKy%2Fm0d%2BgYWHtEf61Jo5CNclKwvLyA%2Fys%2F%2FHPPajLNeBlvXe5VQapLChOJS00uSKAIbpwv%2BC6ot980PsBr8Pac1A9eX%2F2kC2ux9IFZyvD21FxD3tUtUAa4gpRS5aIZasJF1TG8DXvuOXRWh2aiSE1QmeK3ZPITzKHcbEnR%2BI8cowWVhHFAjQwwtbA4a8elcSUPqXh4biLJls41mmZAO5XfqiCwBtPYYwEdSt6i2JAEYQl0X1pAV3DqqLyrrpaVFWFQgGVKLdeGv4b5uZIjncAUDW%2FF1SYCXEpJOef%2FQBIbGM28i5SuUJqtU6Hrg1Fe10e0%2F7oUtw182DVYHDHcyVgSGHT6UzuofWCQXAgsfZIYAdDQG3cZ56beNBxrmuTZHYEhHK%2FWMEBkbBmyyvVcsVH9t%2FN0Vb7vdiupMqMaRGE%2F6pZauJYWwrz06eiSdzG3w4SwcLvxUEucVmH%2BcOht40%3D&nvMid=31422839622&catId=50000151
삼성전자 노트북 플러스2 NT550XDZ-AD5AW,"698,990원",4.8,1310,https://cr.shopping.naver.com/adcr.nhn?x=OECjup9nj0%2BmkRqSOmCE9%2F%2F%2F%2Fw%3D%3DsNZeNbD6Mxk%2FWdYbmujopDto9FOGNKXlLTLA73gcJbMj2m%2FfFa014Vbw4CyFgdKsa%2FiK2AkyGXigP%2FSHHgqFoBmn3JQhW7vUJ695pgeLd9u1XhrNphKryel%2BO7Wm7U6Wy0js%2FOJVS725Csd6H1giNe1Vd6Z%2BmZ5fvTALbBBPmfKIM%2F%2BlQk6a1HFUK42nfWkydzhXKLORQM1vAez%2FW9HgP%2FxtDwm%2BqtcL%2F%2BsHW7V7DzFKMN8Qi7WHFYrXkuB4dpGrQNKZAYBw2VpQuZQsnRkw1%2BcOmY27ZGze0Q%2BtXRlM4OxtarJoVrbEtunAYIkKGowOqdePAkiiRoLc2%2FW9s9h3TxCEhb%2B5%2BbgCLWD5ufmjwVaCy5rjDnXk2U6sJ3Y5BNj1rzjwGJCQG15bOMkyBPhR74qAhfbmRc6T9Q91MqoVII6qJ6XWX2L%2Figy9vXDgqxrs63a7Zfir%2BqWRxkM34U8LdbU2SHJJaKHGDQub7icuurF5H5IOvWhPDa0dqcM%2F8fsxpT8AlxSYkXaLH96LNyv1p9UFs%2BIuX0Lv4YuBr4dRPnCxqOMqRcipgiFZBTRMN%2FyNvb1NmOoRBMBsXNQGXzjfbC%2BFUQB%2FrDAzm2q1KHRsHkfE%3D&nvMid=25312635522&catId=50000151
삼성전자 갤럭시북 프로 NT950XDC-X71A,"1,648,990원",4.8,2077,https://cr.shopping.naver.com/adcr.nhn?x=ThHbLQcLeylY9e1JTKoHVP%2F%2F%2Fw%3D%3DsIQoIx%2FutJU0QWQ82PMJWJTv7whkX%2BGu9YTvDpRHTfkoXtKWU5l2RZhzweonlysWaY%2FkAR8U5UnnZL%2BUXgeE%2FzVCuv7GBIa8PQ1xR84atdadXgWpuTlDVmaDcvJoEoVz2tzmhQ9MFZSY6HrTng2zRJ8v%2BjB2erv%2BZ%2Brrs5VHOiTQgGE7%2BZatKjf5hEf1XctkK82%2B6Xy73MiuixoGByn%2BlKdjMLMF37IGTcafAkl8SUA3k947s3coLwGJFg%2F6MlyZp9dpI0qSdIyMEkpvrTshxl0Pg%2F6PYJW9LpCSumzPJoigK7CtQzZWLlur1%2FFge4%2BEpqfcFEjBpdm0i49eLbvgMkTPK4Ijqj9AzM6%2BfgGGRxtGkudW4LAgR4Xxl%2FdcF1QLKZlXaGbUpEX6tnrPxdtXfLLL%2BD79JFqXUHChswIKAa5ctQd%2Blgjmqw5I623%2BawoOWcQx6aRA1PfV2GHlsAbt%2FmFN3kmpzj8HKpYJst8kuZb6Yje9Z0Ha1Sw803W4axQXUy7Q%2Fn5WHMekTVwdl96jZF0IK%2F493RPBxyy96lprkBddSq3LtiK3pHkIZ%2BW6BuIB4nQIaZa7CcEcvOycFwK0MkUHQIiXcF4qwUXZ2sX76wW8%3D&nvMid=26963856522&catId=50000151
삼성전자 갤럭시북 프로 NT950XDX-G51A,"1,299,000원",4.8,3545,https://cr.shopping.naver.com/adcr.nhn?x=gMd%2FvfTPTFcLwGfpF%2BZLrv%2F%2F%2Fw%3D%3DsbPohgRGB%2ByKwwlRHnQG0IaXb1JTEQnvmVMaXm8%2BKKjYXtKWU5l2RZhzweonlysWagNiJge0rqPYAZlko8%2BqeJFCuv7GBIa8PQ1xR84atdadXgWpuTlDVmaDcvJoEoVz2tzmhQ9MFZSY6HrTng2zRJ8v%2BjB2erv%2BZ%2Brrs5VHOiTQgGE7%2BZatKjf5hEf1XctkK0vMfEJOWc8YrX4O%2FD6SxOtjMLMF37IGTcafAkl8SUA3k947s3coLwGJFg%2F6MlyZp9dpI0qSdIyMEkpvrTshxl0Pg%2F6PYJW9LpCSumzPJoigK7CtQzZWLlur1%2FFge4%2BEpd%2FlF0R8Oojej1wMcIfhq0IRNuSAk9mXjtVwL7U5PvNWkudW4LAgR4Xxl%2FdcF1QLK%2FOv2M7EKCAFXLrQ3cu6%2Fs7L%2BD79JFqXUHChswIKAa5ctQd%2Blgjmqw5I623%2BawoOWs1JkHQz2OsJ4cBz4mcqaQFN3kmpzj8HKpYJst8kuZb7BORzFlB0dl3TGmYOWy6Mxw2popvk5HxytjbrmvguYxGKOPGhKv%2B1nlWqSmF4xvvDtioyuN86VWH%2FZ%2BetrbExpvVJSsfQEpU9dBKeZL4XXfUHQIiXcF4qwUXZ2sX76wW8%3D&nvMid=26964275522&catId=50000151
LG전자 울트라PC 14U390-ME1TK,"378,990원",4.7,1296,https://cr.shopping.naver.com/adcr.nhn?x=wr3ghWto87iHGnYw%2Bvqyfv%2F%2F%2Fw%3D%3DsME9WB0JBTAN9c42NhlTalRW0ZrPfxVQInevPlF1pgrD2m%2FfFa014Vbw4CyFgdKsawFJpAazkIeh8DJKqcnGSD2n3JQhW7vUJ695pgeLd9u1XhrNphKryel%2BO7Wm7U6Wy0js%2FOJVS725Csd6H1giNe1Vd6Z%2BmZ5fvTALbBBPmfKL%2BHMhXfuiFC4uELuwCB7ZjLklolPRZIGNZrlBl2WtEHxtDwm%2BqtcL%2F%2BsHW7V7DzFKMN8Qi7WHFYrXkuB4dpGrQNKZAYBw2VpQuZQsnRkw1%2BcOmY27ZGze0Q%2BtXRlM4OxtarJoVrbEtunAYIkKGowOqjlJEe7x9Fhx3o%2FR8J1gbCyEhb%2B5%2BbgCLWD5ufmjwVaCy5rjDnXk2U6sJ3Y5BNj1rGSt1pj83jo4J2%2BFqbn%2FGc6AhfbmRc6T9Q91MqoVII6ogCNtlPO3QwM14b8H0Cfdq%2BBuis65JhFeFX9E2gjwnQKc3iXZ%2FTkHB2BAZNPNF540h%2BXmcTgtYC6JV6ztkbt2NDWrhHEcp0p%2F%2FKKziu53PdHGQoKa38Ate7MZ3nWohdLZKu1YG9GK23yqwCgWpfeIbV3OdHgSE8LoEjTx9zpNPbFaRsOtQUnaEEbxBoHxZXOc%3D&nvMid=23642473490&catId=50000151
삼성전자 갤럭시북 프로 NT950XDY-A51A,"1,248,990원",4.8,3641,https://cr.shopping.naver.com/adcr.nhn?x=GILwEpTggqZLqpG1jQxjyP%2F%2F%2Fw%3D%3DsKjVCUJ%2BbDj50OoPAyJ%2FzjRPr%2BB1OPXzDHw7PDy%2BtnfAXtKWU5l2RZhzweonlysWaH9WfO4HTmnwjX%2B%2FOUn4DFVCuv7GBIa8PQ1xR84atdadXgWpuTlDVmaDcvJoEoVz2tzmhQ9MFZSY6HrTng2zRJ8v%2BjB2erv%2BZ%2Brrs5VHOiTQgGE7%2BZatKjf5hEf1XctkKGA50JyS6kCrQ9o6wAJHueNjMLMF37IGTcafAkl8SUA3k947s3coLwGJFg%2F6MlyZp9dpI0qSdIyMEkpvrTshxl0Pg%2F6PYJW9LpCSumzPJoigK7CtQzZWLlur1%2FFge4%2BEpFKF0qI4oLxgFtNh0nOe60cKgkyftb0Ci2htacG%2BACoGkudW4LAgR4Xxl%2FdcF1QLKlWf84K7IZxbGZ7bTDXVoRLL%2BD79JFqXUHChswIKAa5ctQd%2Blgjmqw5I623%2BawoOWhB0uj4o8b%2FWeIcLvcC2CklN3kmpzj8HKpYJst8kuZb6sGO7unWvNDeREo0vbgAJby7Q%2Fn5WHMekTVwdl96jZF66CXEZHnfIkymrBPpWAvlCbRKQGpRHF2fi9LTqAy1T1Sra9kmU6%2F2qV86afNGxrdEHQIiXcF4qwUXZ2sX76wW8%3D&nvMid=26964351522&catId=50000151
삼성전자 갤럭시북2 프로 NT950XED-K71A,"1,899,000원",5,729,https://cr.shopping.naver.com/adcr.nhn?x=TmBhKBjvMRCYQY%2BiwuGZy%2F%2F%2F%2Fw%3D%3Ds8pnm2alAUmvK2IuGM4y%2FUIGwRIVt9bl0pkUozMCYrG4XtKWU5l2RZhzweonlysWaKZkj%2BVctBRvx0rz%2BajcAKFCuv7GBIa8PQ1xR84atdadXgWpuTlDVmaDcvJoEoVz2tzmhQ9MFZSY6HrTng2zRJ8v%2BjB2erv%2BZ%2Brrs5VHOiTQgGE7%2BZatKjf5hEf1XctkKwOD3ZlVBFUpUAy6%2FGC1TH9jMLMF37IGTcafAkl8SUA3k947s3coLwGJFg%2F6MlyZp9dpI0qSdIyMEkpvrTshxl0Pg%2F6PYJW9LpCSumzPJoigK7CtQzZWLlur1%2FFge4%2BEppmk90Ls5gUec08fNYLhWohnark7wkt7WzcXti33PpzKkudW4LAgR4Xxl%2FdcF1QLKGmbqA0SiDAUOkBlRbCKfed1woZLwre%2F0c6LfC8XQvOYtQd%2Blgjmqw5I623%2BawoOWLD1TvH1AkvBXmcKQ8nf1OFN3kmpzj8HKpYJst8kuZb74KkMITLlLx7izWhPQ%2FWvBw2popvk5HxytjbrmvguYxKuUAtD7wH0YZ9pEFVSrFLpnBGS7kdZm6VzAAxMiV%2F%2FwvVJSsfQEpU9dBKeZL4XXfUHQIiXcF4qwUXZ2sX76wW8%3D&nvMid=31302532618&catId=50000151
삼성전자 갤럭시북2 프로360 NT930QED-K71A,"2,248,000원",5,1378,https://cr.shopping.naver.com/adcr.nhn?x=xYaZj00%2B5h14IOK4YT92Pv%2F%2F%2Fw%3D%3DsiDH9w8Ue9Zr%2BxwF0eGrk1hUAkMupJY5Xp5vTJCTuUWEXtKWU5l2RZhzweonlysWavqoTQpvO%2FXGDRnsteMPbT1Cuv7GBIa8PQ1xR84atdadXgWpuTlDVmaDcvJoEoVz2tzmhQ9MFZSY6HrTng2zRJ8v%2BjB2erv%2BZ%2Brrs5VHOiTQgGE7%2BZatKjf5hEf1XctkK4N70Y%2BnK%2FNjvMUp%2B9gGeRdjMLMF37IGTcafAkl8SUA3k947s3coLwGJFg%2F6MlyZp9dpI0qSdIyMEkpvrTshxl0Pg%2F6PYJW9LpCSumzPJoigK7CtQzZWLlur1%2FFge4%2BEp5fwFBYDztulJmswHYZL6RQtGnwEnQNlDajbbDQ2jrXakudW4LAgR4Xxl%2FdcF1QLK9nSv%2BdOp8k2Dc7kawzFuEN1woZLwre%2F0c6LfC8XQvOadAeORql0eNDFqVPqAkCAAOY%2BbYB%2BUd24fnFpf0Xf8XVN3kmpzj8HKpYJst8kuZb5uk9h7JQzbpXXFo7oR2wXOw2popvk5HxytjbrmvguYxMdk1WNGCkgONt4mvZh3WdPddXgISyBC%2FOFVDy5MP5RKtftrjuaq%2FXY6okU9QMrCYR0cjwVm1BUYVknE7IEMpz4%3D&nvMid=31318535618&catId=50000151
레노버 아이디어패드 Slim5-15ITL Premiere Plus i5,"769,000원",4.8,511,https://cr.shopping.naver.com/adcr.nhn?x=KCbWTxjV8PGeH53%2FAXjQhf%2F%2F%2Fw%3D%3DsOY2gRM2%2B0iWCtIw8TQKDLRiCy5GZ5%2BbAVhvgwYW7tjEXtKWU5l2RZhzweonlysWaU2Fepxv14Uuj4rC2k8cRbFCuv7GBIa8PQ1xR84atdadXgWpuTlDVmaDcvJoEoVz2tzmhQ9MFZSY6HrTng2zRJ8v%2BjB2erv%2BZ%2Brrs5VHOiTQgGE7%2BZatKjf5hEf1XctkKAQTw5HM20hAXv4iNKskQANjMLMF37IGTcafAkl8SUA3k947s3coLwGJFg%2F6MlyZp9dpI0qSdIyMEkpvrTshxl0Pg%2F6PYJW9LpCSumzPJoigK7CtQzZWLlur1%2FFge4%2BEp0XUZHnNZzW%2BW1KCpnlVqb4PEcoRF6RWUsuziSDpD3EykudW4LAgR4Xxl%2FdcF1QLKhVMoDt9vwITAN9E8KOx7BrL%2BD79JFqXUHChswIKAa5c46NgifS4z3UkA590XCTBW6V%2BRmKlNXry7NeZ%2F4Js2AbFps6yClVEMrY8uy98OTmlKoFLl70xk1%2BLEJAbVsp%2FX9t%2Fbn6OXJBYvgNBP6P8bee9barVkGm5X%2F%2B%2B0pSBMYefol2MuR6VtGHp%2B8b%2Ff0%2Bp4XFvY7UI1k6o7tzNxY4%2BeIbF0cn78iHmteP7zSHfyqq8GruH08DlKshetxY8KUEZb&nvMid=26022057522&catId=50000151
LG전자 그램14 14ZD90P-GX50K,"1,186,350원",4.9,825,https://cr.shopping.naver.com/adcr.nhn?x=ZViALtMdgPCMo7SyM4h0vf%2F%2F%2Fw%3D%3Ds4L2tn9kJoCADVLWTFAWZBMNdhGZqblhdlxIRBLHv%2FeUXtKWU5l2RZhzweonlysWazwcp6wjFywc0Ol52feDXelCuv7GBIa8PQ1xR84atdadXgWpuTlDVmaDcvJoEoVz2tzmhQ9MFZSY6HrTng2zRJ8v%2BjB2erv%2BZ%2Brrs5VHOiTQgGE7%2BZatKjf5hEf1XctkKIuP8cO7V4f3Nuc8ezEu%2FtdjMLMF37IGTcafAkl8SUA3k947s3coLwGJFg%2F6MlyZp9dpI0qSdIyMEkpvrTshxl0Pg%2F6PYJW9LpCSumzPJoigK7CtQzZWLlur1%2FFge4%2BEp8Yz21DKX0ZAVXTJUgTqR45O%2FZHfw8y5T72RkNuXQ832kudW4LAgR4Xxl%2FdcF1QLK1QNNZ%2FHr6w8wMW%2B4JE8BsLL%2BD79JFqXUHChswIKAa5fzTGRUTKQr%2FUwyxsVp2bKrNA3mtviVsCyvjhNtkBDWJVN3kmpzj8HKpYJst8kuZb6UATk0D%2FUbVr%2FHx631O1QWyKA21LEcQd1DTmaUJJNzsA6PAk1T16TETFw8w6yBRYsg4euH1ek7q9imEUwIaqKNYn9BduCVWvrq6CSWWh8W%2B0HQIiXcF4qwUXZ2sX76wW8%3D&nvMid=25310958522&catId=50000151
삼성전자 노트북 플러스 NT550XCR-AD5A,"667,190원",4.9,797,https://cr.shopping.naver.com/adcr.nhn?x=j%2BcQUZ7UkAQICjZ0mtPbn%2F%2F%2F%2Fw%3D%3Dsu9GXpgc%2F%2B7xNMyAzB3mUI4c3l%2Fn9cZL0lfMMov6danMXtKWU5l2RZhzweonlysWaygFacwfEF6%2Bg2TP7UYb%2FZVCuv7GBIa8PQ1xR84atdadXgWpuTlDVmaDcvJoEoVz2tzmhQ9MFZSY6HrTng2zRJ8v%2BjB2erv%2BZ%2Brrs5VHOiTQgGE7%2BZatKjf5hEf1XctkK%2FasiD1gggB7ou5jwdyKcI9jMLMF37IGTcafAkl8SUA3k947s3coLwGJFg%2F6MlyZp9dpI0qSdIyMEkpvrTshxl0Pg%2F6PYJW9LpCSumzPJoigK7CtQzZWLlur1%2FFge4%2BEpa8lnBZ8%2FFH9gncHvv6%2FcMV%2Fey054%2FoJEyxzFTZIgxxGkudW4LAgR4Xxl%2FdcF1QLKPH1MxiRAsbsxy%2FiESLtLjD6FURihOvVNK6%2BarovFEXZfhi4BjwgIMvxXagqvhvBfQZ6dbszRBHxBUu7sRCXwOlN3kmpzj8HKpYJst8kuZb6dtBgH95uWKwLFmKmZL5lqFLKoqvmkXYdfWcxRgWxXPLZJTlyrzpXTUulvs0UH4QtY72KncoPLFxWMB6QdoFjcOhjxsJAR4Eg6ZhksrLJ7OEHQIiXcF4qwUXZ2sX76wW8%3D&nvMid=22508532093&catId=50000151
LG전자 울트라PC 16UD70Q-GX76K,"1,265,990원",5,1178,https://cr.shopping.naver.com/adcr.nhn?x=FQGhNvmwcx9PcTe92QyaK%2F%2F%2F%2Fw%3D%3Ds4R%2F9snHEm0rfxfbogRCXORGAMLdXiH%2BRksWzCdu1ZCYXtKWU5l2RZhzweonlysWaMeJsXAgvORCRpm6wOouKblCuv7GBIa8PQ1xR84atdadXgWpuTlDVmaDcvJoEoVz2tzmhQ9MFZSY6HrTng2zRJ8v%2BjB2erv%2BZ%2Brrs5VHOiTQgGE7%2BZatKjf5hEf1XctkKEJ64E6TP0fH56EVaqwHJftjMLMF37IGTcafAkl8SUA3k947s3coLwGJFg%2F6MlyZp9dpI0qSdIyMEkpvrTshxl0Pg%2F6PYJW9LpCSumzPJoigK7CtQzZWLlur1%2FFge4%2BEp12fIwUNbbvXd6ZqdR7gd8su6YJW9UPu0orOXR0dxMAKkudW4LAgR4Xxl%2FdcF1QLKxwyF7BnkRCMAapSeqNPH2t1woZLwre%2F0c6LfC8XQvOaRZnOMvYBeKpWcREPtHuNBmEYBA5CucS7N0e1pPJmwbVN3kmpzj8HKpYJst8kuZb5moS1pOopMmhw1i7Tyqoc3y7Q%2Fn5WHMekTVwdl96jZFwsa%2BCAHttBMtmsAvXw2Oq4srfHjZyFH7FfDQJszsT2hfE6T9uYvULL5AhtMbEnWrx0cjwVm1BUYVknE7IEMpz4%3D&nvMid=33501396618&catId=50000151
삼성전자 노트북 플러스2 NT550XDZ-AD3A,"658,990원",5,1453,https://cr.shopping.naver.com/adcr.nhn?x=sTKebPHENb0FEACprNixKf%2F%2F%2Fw%3D%3DsV9QMx6QoyQgJCS6eDaIMLPUyutsp7GPWuJjhbwIuAa0XtKWU5l2RZhzweonlysWapcnW2kBUNT%2FdQICoD8g6yYYi8J0CD3wQQHHwoyW4tqyEui9%2BwuMJtJTMqNFzJ027VmS631SuraDRKk611rJ6tcv%2BjB2erv%2BZ%2Brrs5VHOiTQgGE7%2BZatKjf5hEf1XctkK3MXWhVlM59bpo%2FkNLc3y7djMLMF37IGTcafAkl8SUA3k947s3coLwGJFg%2F6MlyZp9dpI0qSdIyMEkpvrTshxl0Pg%2F6PYJW9LpCSumzPJoigK7CtQzZWLlur1%2FFge4%2BEpBy%2Fipe%2BX4DPvVKdSSFiHccu6YJW9UPu0orOXR0dxMAKkudW4LAgR4Xxl%2FdcF1QLKX2UMl2F2tthU4sdozIiZ491woZLwre%2F0c6LfC8XQvOZfhi4BjwgIMvxXagqvhvBfw8ZOYeNMJh%2Bj0QoD1WqeglN3kmpzj8HKpYJst8kuZb59xK%2FpNce1eRFLX4myKPz%2BFLKoqvmkXYdfWcxRgWxXPLlDVmtGipNnWpVG9JS8RdfGu0eJO60lF8CRy5GvYatMkwO3lyu3rrsUhLSTIZUlKkHQIiXcF4qwUXZ2sX76wW8%3D&nvMid=30365353618&catId=50000151
삼성전자 갤럭시북 NT750XDZ-A71A,"1,285,310원",4.9,1888,https://cr.shopping.naver.com/adcr.nhn?x=JTu82%2F0iA4XZoH2H3BGQyP%2F%2F%2Fw%3D%3DsIqUGr586VPca9xZ60HCE%2FeiZU935IhsSDDWSbbJrC0cXtKWU5l2RZhzweonlysWaNCYspG7fRLdsHQO5cQI0NIYi8J0CD3wQQHHwoyW4tqyEui9%2BwuMJtJTMqNFzJ027VmS631SuraDRKk611rJ6tcv%2BjB2erv%2BZ%2Brrs5VHOiTQgGE7%2BZatKjf5hEf1XctkKO5S8NST0WY42xZsDvxkRKdjMLMF37IGTcafAkl8SUA3k947s3coLwGJFg%2F6MlyZp9dpI0qSdIyMEkpvrTshxl0Pg%2F6PYJW9LpCSumzPJoigK7CtQzZWLlur1%2FFge4%2BEpH%2BhDWBZQXN781dWcyZ7X119YBnCgL9Blqo%2BU00aSWNakudW4LAgR4Xxl%2FdcF1QLKwk%2Fra3eGNC%2Bw1cj3F5iLS7L%2BD79JFqXUHChswIKAa5eVEQABQ%2BEHw28GHTiiTOmIA4sN4Ys0JrjkxN0rwlzC%2FlN3kmpzj8HKpYJst8kuZb6YX5i48b2C4UDaOGdkjubim%2B8YJsenCSPVSSTYVqddceQ3KC0MllucZhTJMvxulpPPGfde57H7V%2F28JGggp4Y67U3EAQai08ndVRYOG%2Bf7eh0cjwVm1BUYVknE7IEMpz4%3D&nvMid=27175491522&catId=50000151
삼성전자 갤럭시북 S NT767XCL-KLTE,"948,000원",4.8,2666,https://cr.shopping.naver.com/adcr.nhn?x=5l1awqAQV3dbyion6jcJDf%2F%2F%2Fw%3D%3DsSDaTyWg6dBI88mIvAB4YxyPO9QJsFC2%2Bh%2FMNI5V0mSv2m%2FfFa014Vbw4CyFgdKsaF8gtgG8HY%2FWucg5%2FVkNsnmt7CKK1iWS%2ByMlOjQhpGKhu%2BhxHtOsCiXHDx8HK8fXPyca3dLEYp71wE%2FZ5oJ5kxlVd6Z%2BmZ5fvTALbBBPmfKL%2BHMhXfuiFC4uELuwCB7ZjVb2KrBk0BAuIjvKRwRsukRtDwm%2BqtcL%2F%2BsHW7V7DzFKMN8Qi7WHFYrXkuB4dpGrQNKZAYBw2VpQuZQsnRkw1%2BcOmY27ZGze0Q%2BtXRlM4OxtarJoVrbEtunAYIkKGowOqwBNXbZ6ZGH%2BIf21Tmn8uAyEhb%2B5%2BbgCLWD5ufmjwVaCy5rjDnXk2U6sJ3Y5BNj1rqzA58x420euWCiKO0x4%2FY6AhfbmRc6T9Q91MqoVII6qix6UsmuQgK0eZEvX1bI1RxyfqLH5U7TyI4Si8%2BWPaGk7xqBSWPjWDQNOmh7nsMSAzNE%2F11PFrveOpqsIhtYRGramjBwCZI9AwCV4mCTWQmYtK2AK7oexglX63hjILmx934TzQcb0%2FAhIDOPDtcPDSb1NmOoRBMBsXNQGXzjfbC%2BFUQB%2FrDAzm2q1KHRsHkfE%3D&nvMid=23309894491&catId=50000151
삼성전자 갤럭시북 프로360 NT930QDB-K71A,"1,589,990원",4.9,1509,https://cr.shopping.naver.com/adcr.nhn?x=eMT6k4S4oDYmpBAsHe6rG%2F%2F%2F%2Fw%3D%3DskosUwHla6uRMvoUWXsI3qp6xdLqlUESE3soD%2BxIjc7EXtKWU5l2RZhzweonlysWakpRkJgkbfJm9iOyWJU79JYYi8J0CD3wQQHHwoyW4tqyEui9%2BwuMJtJTMqNFzJ027VmS631SuraDRKk611rJ6tcv%2BjB2erv%2BZ%2Brrs5VHOiTQgGE7%2BZatKjf5hEf1XctkKmXrIaCvKDo8EoQst1nwn5djMLMF37IGTcafAkl8SUA3k947s3coLwGJFg%2F6MlyZp9dpI0qSdIyMEkpvrTshxl0Pg%2F6PYJW9LpCSumzPJoigK7CtQzZWLlur1%2FFge4%2BEpgUPEUYBFQetkedHtqPthi0bqeEwNmv7B2ut3vrfD7SmkudW4LAgR4Xxl%2FdcF1QLKpEAXzGXbht1%2Fd7CQlyW60LL%2BD79JFqXUHChswIKAa5edAeORql0eNDFqVPqAkCAAZDQGjsgPZJ0JuGHnfg%2B1wFN3kmpzj8HKpYJst8kuZb4I9lXawSXHlbM3gazegSPRy7Q%2Fn5WHMekTVwdl96jZF0RFKbe%2FFMYtY8uLcYpSyY70yFuLGOoUeWH%2FeOtElMd3YNoSGD4NiN3kn9lyj%2F3Bgh0cjwVm1BUYVknE7IEMpz4%3D&nvMid=26962562522&catId=50000151
LG전자 울트라PC 15UD40N-GX36K,"517,550원",4.8,1586,https://cr.shopping.naver.com/adcr.nhn?x=dK17M6B6M58sTZnlN4G8E%2F%2F%2F%2Fw%3D%3DsvLGdL73pXSWCyHc1RHB2YmaZ2QlnSwK06xOyh67SD5kXtKWU5l2RZhzweonlysWaNiyHPKnb5HoBvdQqWQaKO4Yi8J0CD3wQQHHwoyW4tqyEui9%2BwuMJtJTMqNFzJ027VmS631SuraDRKk611rJ6tcv%2BjB2erv%2BZ%2Brrs5VHOiTQgGE7%2BZatKjf5hEf1XctkKro1NX1sqvJlnFHKOU%2BY9K9jMLMF37IGTcafAkl8SUA3k947s3coLwGJFg%2F6MlyZp9dpI0qSdIyMEkpvrTshxl0Pg%2F6PYJW9LpCSumzPJoigK7CtQzZWLlur1%2FFge4%2BEpvhAHSJptbBQBwJqPZC%2BCokYtiZ9zcjf15Y1jffkHB0ekudW4LAgR4Xxl%2FdcF1QLKCu6KPCVS6M%2B%2F8gm6mesKqHzEWKIeSL8gCGko0muIXARIC8%2Bw2VW3%2BXqEcRh4qA4%2BpzQFfh6RYrcCSavwhp3rFlN3kmpzj8HKpYJst8kuZb7jPTMh9ar7D5Lv7%2FoXElTAUUPkoq%2BwlqWZE6Zk4k%2BTGkmq2LwqDzx3%2BuiLUwwEeZXA5IwXK69kJZIzp4wSzFwT5xf4YkF0mylskiEZAfasnEHQIiXcF4qwUXZ2sX76wW8%3D&nvMid=23706445491&catId=50000151
삼성전자 갤럭시북 플렉스2 NT950QDA-X71AZ,"1,598,000원",4.8,2224,https://cr.shopping.naver.com/adcr.nhn?x=qpclHrm2hAbIRwR7RS37h%2F%2F%2F%2Fw%3D%3DsEQcG2l%2B8z6Rms9do6svNOAZnD0RyLbDvXpfK4tChKdoXtKWU5l2RZhzweonlysWaERA9rTPMjeCm9bOKKCEFmIYi8J0CD3wQQHHwoyW4tqyEui9%2BwuMJtJTMqNFzJ027VmS631SuraDRKk611rJ6tcv%2BjB2erv%2BZ%2Brrs5VHOiTQgGE7%2BZatKjf5hEf1XctkKkvWgSNHROcW%2BABJsyZMk6NjMLMF37IGTcafAkl8SUA3k947s3coLwGJFg%2F6MlyZp9dpI0qSdIyMEkpvrTshxl0Pg%2F6PYJW9LpCSumzPJoigK7CtQzZWLlur1%2FFge4%2BEpiDgLXM7FqVvHg5EBzRUSQBrcij6lhZiSAmNZwYwE14qkudW4LAgR4Xxl%2FdcF1QLK0oek4tax6a7o%2Bf%2FNi8WV%2BrL%2BD79JFqXUHChswIKAa5ctQd%2Blgjmqw5I623%2BawoOWxuKzyITzgyEZZ8AoSqzQ16WX4OkdQnUc0HiX%2FEfB6sDBEIPXbHd%2BVYbNrqAZruOEQxNDXihwouoXDe%2BqMgWakjFEgArVyOARy0fHESxviP4T1GczYCB1lNkVvZMoLEvHsEgk9APRMy9r3UK5OYg55YKoDr6us%2BRKRCOTdsWr9TI%3D&nvMid=25308665522&catId=50000151
LG전자 울트라PC 15U50P-GR56K,"830,380원",4.8,759,https://cr.shopping.naver.com/adcr.nhn?x=iuwYzTqA9L3FSZK82R4XM%2F%2F%2F%2Fw%3D%3DseNaa5vZAYFO%2BbqWzueGErN113JDpISxyGyhC7du4mVv2m%2FfFa014Vbw4CyFgdKsaN0bYVuQQ18GbMDftuSCvkGt7CKK1iWS%2ByMlOjQhpGKhu%2BhxHtOsCiXHDx8HK8fXPyca3dLEYp71wE%2FZ5oJ5kxlVd6Z%2BmZ5fvTALbBBPmfKIM%2F%2BlQk6a1HFUK42nfWkydbWrdyUKisYSmGn756yM%2F0RtDwm%2BqtcL%2F%2BsHW7V7DzFKMN8Qi7WHFYrXkuB4dpGrQNKZAYBw2VpQuZQsnRkw1%2BcOmY27ZGze0Q%2BtXRlM4OxtarJoVrbEtunAYIkKGowOqkkSfUjxkzH6J086Hh%2BW1riEhb%2B5%2BbgCLWD5ufmjwVaCy5rjDnXk2U6sJ3Y5BNj1rKfFdiobIUMmE3dpXX5tSSaAhfbmRc6T9Q91MqoVII6oOHOZnZm8Rxe%2FBCkqlpVLRT8kt%2B9%2FM2LQupME6UClWyKJHzUPmp3QNXnYS3YqnOyds4O0hIuY%2BRyA2zVPdv%2Fg%2FDWrhHEcp0p%2F%2FKKziu53PdF6Y5GUAXpRl%2F8TO8iVBrNsAn7OR9L4Wd7VFizbH9mRdA35CyMrpXQUt3%2FJvHupy5s1ITc7NlRPvorKrNyQBKaY%3D&nvMid=25787519522&catId=50000151
LG전자 그램16 16ZD90P-GX50K,"1,238,190원",4.9,3725,https://cr.shopping.naver.com/adcr.nhn?x=EINr8MBrdb3JsOvJ6w24lf%2F%2F%2Fw%3D%3DsE7IZpfr1MDMQKPNRcJL0399c%2Bdqtso7VwRLmtsx8MMYXtKWU5l2RZhzweonlysWa3JmkTML4gJ%2B%2F%2FppeWpdKyIYi8J0CD3wQQHHwoyW4tqyEui9%2BwuMJtJTMqNFzJ027VmS631SuraDRKk611rJ6tcv%2BjB2erv%2BZ%2Brrs5VHOiTQgGE7%2BZatKjf5hEf1XctkKdMzxmt1VXAsB%2BD%2FGoVVL6tjMLMF37IGTcafAkl8SUA3k947s3coLwGJFg%2F6MlyZp9dpI0qSdIyMEkpvrTshxl0Pg%2F6PYJW9LpCSumzPJoigK7CtQzZWLlur1%2FFge4%2BEpqFvKGVuXkX110q1te4TcCQtGnwEnQNlDajbbDQ2jrXakudW4LAgR4Xxl%2FdcF1QLKHr5exSDdcJ9K%2Fju6GZdY8bL%2BD79JFqXUHChswIKAa5fqKeXbKaolgbhLb2YthE7qNA3mtviVsCyvjhNtkBDWJVN3kmpzj8HKpYJst8kuZb7q3TQU%2FpVx43fdIjKGHAuNQDxuPOKc4AK1djzD8DYouXz8SxUFpGOixLymknVH7ySmR4fz371pG%2FGHF%2B6bfux4fDDOmssOsQJNAmlkCUuxdB0cjwVm1BUYVknE7IEMpz4%3D&nvMid=25255963522&catId=50000151
LG전자 울트라PC 15U40N-GR56K,"778,720원",4.8,861,https://cr.shopping.naver.com/adcr.nhn?x=680DwI60v49JpGxdRKccT%2F%2F%2F%2Fw%3D%3DsMwg%2FrrBrdlqTOD0kO8Th0tp9W2QuqibMPI3mnUKcPO72m%2FfFa014Vbw4CyFgdKsag0K8mxIs2PeIH1jaQilts2t7CKK1iWS%2ByMlOjQhpGKhu%2BhxHtOsCiXHDx8HK8fXPyca3dLEYp71wE%2FZ5oJ5kxlVd6Z%2BmZ5fvTALbBBPmfKL%2BHMhXfuiFC4uELuwCB7ZjJW2Ue0wmGysm9zw%2Fah4HrhtDwm%2BqtcL%2F%2BsHW7V7DzFKMN8Qi7WHFYrXkuB4dpGrQNKZAYBw2VpQuZQsnRkw1%2BcOmY27ZGze0Q%2BtXRlM4OxtarJoVrbEtunAYIkKGowOqLJl%2BCklbAAna9OLA3gCdJCEhb%2B5%2BbgCLWD5ufmjwVaCy5rjDnXk2U6sJ3Y5BNj1rm6ZYlmhxIseMqNmJ5BCd0qAhfbmRc6T9Q91MqoVII6rcaB%2Foll6scqfEqA4c9FFuT8kt%2B9%2FM2LQupME6UClWyKlzVcRKnGswjttKEEDjGETuemWfDk7TWfd59MZ7xAGMDWrhHEcp0p%2F%2FKKziu53PdMkbnNbKwc6SXCavErr2kHVYyqRM%2BQ9LDqtXkvjNoZr5A35CyMrpXQUt3%2FJvHupy5s1ITc7NlRPvorKrNyQBKaY%3D&nvMid=23689778498&catId=50000151
삼성전자 갤럭시북 이온2 NT950XDZ-A58AW,"1,398,990원",4.8,3969,https://cr.shopping.naver.com/adcr.nhn?x=fdMPJ%2F8zymHvjTvDZLDKWP%2F%2F%2Fw%3D%3Dsw7u90mb9bN%2BJOU95qW2Ki1utio%2F8yDBnsOu4F4eCXQP2m%2FfFa014Vbw4CyFgdKsaK5RuSWtvhUkqs761cv5NMmt7CKK1iWS%2ByMlOjQhpGKhu%2BhxHtOsCiXHDx8HK8fXPyca3dLEYp71wE%2FZ5oJ5kxlVd6Z%2BmZ5fvTALbBBPmfKIM%2F%2BlQk6a1HFUK42nfWkydyWEQud4Fhrns3CTHgUoCOhtDwm%2BqtcL%2F%2BsHW7V7DzFKMN8Qi7WHFYrXkuB4dpGrQNKZAYBw2VpQuZQsnRkw1%2BcOmY27ZGze0Q%2BtXRlM4OxtarJoVrbEtunAYIkKGowOquTuVi6iX2ZBTnnHxM8ClqyEhb%2B5%2BbgCLWD5ufmjwVaCy5rjDnXk2U6sJ3Y5BNj1rqYjhPZcKCDeUVw5WISBnpqAhfbmRc6T9Q91MqoVII6oPpiCG6IMrayzxpY8OnMy4IDOwc%2BEZ%2BRsM3vrz680Wxk2SHJJaKHGDQub7icuurF4dZWAK0D2runTHDaGv%2Byqm71tqtWQablf%2F77SlIExh5238MtZwqxT0x61xZsXZXFmOLd0h5Tvj1mQtzjkFqdUCdIM4LnJNmDUrFvhFuGMj9Qau4fTwOUqyF63FjwpQRls%3D&nvMid=25310546522&catId=50000151
LG전자 LG그램 17ZD95P-GX56K,"1,398,940원",4.9,632,https://cr.shopping.naver.com/adcr.nhn?x=HRPqZKpQNeXVskm%2FbLTUif%2F%2F%2Fw%3D%3DsZgl9i48p0Z%2BFD6yPYOMjmsC9MHOHKRtqdShIM58qbfX2m%2FfFa014Vbw4CyFgdKsazwe5kf41kid4X%2FUSLKXGSmt7CKK1iWS%2ByMlOjQhpGKhu%2BhxHtOsCiXHDx8HK8fXPyca3dLEYp71wE%2FZ5oJ5kxlVd6Z%2BmZ5fvTALbBBPmfKJpRqcSE8MlK%2F25X1FaWGq8jS%2FrKGx0sb7bfiYSYNOkrBtDwm%2BqtcL%2F%2BsHW7V7DzFKMN8Qi7WHFYrXkuB4dpGrQNKZAYBw2VpQuZQsnRkw1%2BcOmY27ZGze0Q%2BtXRlM4OxtarJoVrbEtunAYIkKGowOqDi6Yj%2FjF20yJiIRrR1BVrCEhb%2B5%2BbgCLWD5ufmjwVaCy5rjDnXk2U6sJ3Y5BNj1rFabN0LtpTLhPLYYP2auNdKAhfbmRc6T9Q91MqoVII6r0cZL%2BEZkdk7HyfVC46bIQwTIuwH81odPWIgZzkvG8wBdseemwUb2ePyaxh1fFEWa70Kp%2FPk9Nk0tITmKj20IhT8AlxSYkXaLH96LNyv1p9ftVB5gMyeseDmsni%2Bbwwzv8jeO8bf8dDdUeOoqOX5L%2B11SkXvPxCFL9O%2FobcETkVA1QmAmnoJRdq4K9btjkCM0%3D&nvMid=30244039619&catId=50000151
삼성전자 갤럭시북 프로 NT930XDY-A51A,"1,298,990원",4.9,1047,https://cr.shopping.naver.com/adcr.nhn?x=Hl%2FAZc5WtaTEd33pA6hGRv%2F%2F%2Fw%3D%3DscsaX3K%2BQU9AdoevRCAL40ToXzDhc0RhSvXogPRKOUWn2m%2FfFa014Vbw4CyFgdKsaH49KIuABHXfbVfDEh%2FMjdWt7CKK1iWS%2ByMlOjQhpGKhu%2BhxHtOsCiXHDx8HK8fXPyca3dLEYp71wE%2FZ5oJ5kxlVd6Z%2BmZ5fvTALbBBPmfKLguQXqc0tNBo5vCJmBaBuvJq27EOSsovYGD%2FeJN2XVaBtDwm%2BqtcL%2F%2BsHW7V7DzFKMN8Qi7WHFYrXkuB4dpGrQNKZAYBw2VpQuZQsnRkw1%2BcOmY27ZGze0Q%2BtXRlM4OxtarJoVrbEtunAYIkKGowOq%2BZCz7Voa5sdLRoMIr%2B2skSEhb%2B5%2BbgCLWD5ufmjwVaCy5rjDnXk2U6sJ3Y5BNj1rfp%2FJu96yLXpnxnKTujtxxqAhfbmRc6T9Q91MqoVII6q7Ew42RloKojXbEOemOzp4%2F4cfqhTDcxLp8IGzNV3u0SpsdQy95gffpTGHj457gT%2BHsGcxCK1AbgwoauEZzD1GT8AlxSYkXaLH96LNyv1p9W4n%2BDeigVFOzEtqb%2FnaMjNuNXJZKkgTCPj1jcKHGlhFyxN7sowf3bBszTOFNQxvCQ1QmAmnoJRdq4K9btjkCM0%3D&nvMid=26965594523&catId=50000151
삼성전자 삼성 NT350XCR-AD5AS,"688,890원",4.8,1899,https://cr.shopping.naver.com/adcr.nhn?x=589V9qpJbuplzYJrVWOPx%2F%2F%2F%2Fw%3D%3Dsky9XNwYbfX0%2FwjHkKeYTya7DXkRG2UqLxRQ5bJgRfmr2JuB1xbdLlYSG9uR1HG3ppihlglYd7ZYgQENkvczZHb9ySJIPRVpgHgo%2FFAdlxvvcMah7aN7cMP3G8TKrYcgIZosIH2NtzSLt%2FLapdgCQ2N9%2BKy%2Fm0d%2BgYWHtEf61Jo5CNclKwvLyA%2Fys%2F%2FHPPajLloV%2FPNdgiGjVUT2Iz2ZO1CKAIbpwv%2BC6ot980PsBr8Pac1A9eX%2F2kC2ux9IFZyvD21FxD3tUtUAa4gpRS5aIZasJF1TG8DXvuOXRWh2aiSE1QmeK3ZPITzKHcbEnR%2BI84fyrARrF29Kp1L1Sq2fY0s12u%2BET5GBvIPOj7ouiK%2F5XfqiCwBtPYYwEdSt6i2JAOXhjQygaUNmGIwqqGFCZRke4DARkwLZ9kh6rmrEC8Z1Iv%2Bx%2BJbRMl1B4pRi06RM69J%2BM5TBOw3AnI5ULohj1SlxnymBMau7huBRiFGHDzbECOAHR2SCzU4wkCjhwXMkkVtV%2Fy0iWnORLn5lZnTWt0CTuaRMDq6GcWp9DQn3oXMRmST5RDeGhQ6SvtuUzp53EZM0jGzFs3Rh3EBNgR4lXqIVsN%2FiAcjmtIwlTUFZwg6A%3D&nvMid=25228569522&catId=50000151
삼성전자 갤럭시북 플렉스 NT950QCG-X716A,"2,290,000원",4.9,5135,https://cr.shopping.naver.com/adcr.nhn?x=zm0jtDkmm3pGcsJ6XAEjaP%2F%2F%2Fw%3D%3Ds4Kb%2BwDrcn9FAWNwz8cVGip47galaYt7yaFMnlSlyZt4XtKWU5l2RZhzweonlysWah4zt0D%2FPgbdJtY91gT85RrVi0vTeIxT88ZfX7r5k80Ek9n8b7H5pIxBdsfQfLaoyvo1Yarskla9GwPDoMhrnl8v%2BjB2erv%2BZ%2Brrs5VHOiTQgGE7%2BZatKjf5hEf1XctkKt9Ixef2CvklMOzm4Nmo6wdjMLMF37IGTcafAkl8SUA3k947s3coLwGJFg%2F6MlyZp9dpI0qSdIyMEkpvrTshxl0Pg%2F6PYJW9LpCSumzPJoigK7CtQzZWLlur1%2FFge4%2BEpR%2BWRRwHHbFQe9LQNAl7p9EtlPt3Efqf4HK1QNaCyl%2BmkudW4LAgR4Xxl%2FdcF1QLKfwRefX4M%2FdmpQf%2FyuWiBhwZUmNA4gxLTebXdgCfMUNAtQd%2Blgjmqw5I623%2BawoOWbYS2n8ZnyXuaMgAUff9uj6WX4OkdQnUc0HiX%2FEfB6sD0l0oaqctEbXVKqfUPCsosSVlMvX7zM0%2FvhHqegpm6pMkpFLfPwlqHlaBFT5Zp97RiGlTglnYEQJEQr1qCdekdEomaEwKZEanuBPwTmam8xYKoDr6us%2BRKRCOTdsWr9TI%3D&nvMid=21490590936&catId=50000151
LG전자 LG그램 14ZD95P-GX56K,"1,340,740원",4.9,531,https://cr.shopping.naver.com/adcr.nhn?x=6mJyRk7eIhsQWge38E65wv%2F%2F%2Fw%3D%3Ds6IBKdwODfR1GXanTNnsxLu2apIQRZFAiGwEaEdgtqEj2JuB1xbdLlYSG9uR1HG3pOf9gM63Mn7tV40ZMXGq31b9ySJIPRVpgHgo%2FFAdlxvvcMah7aN7cMP3G8TKrYcgIZosIH2NtzSLt%2FLapdgCQ2N9%2BKy%2Fm0d%2BgYWHtEf61Jo5CNclKwvLyA%2Fys%2F%2FHPPajLNTxt9HaK5e6NfDXtcp2InSKAIbpwv%2BC6ot980PsBr8Pac1A9eX%2F2kC2ux9IFZyvD21FxD3tUtUAa4gpRS5aIZasJF1TG8DXvuOXRWh2aiSE1QmeK3ZPITzKHcbEnR%2BI8JSgIgVbgS%2FrU76eBbYdwoSFIy0mwZUCTiOUKLBb7hlxXfqiCwBtPYYwEdSt6i2JAvCb7d6l7qhBTCaTeu4ZuwKcV8%2BN0NeOy2uZft2ejq24AUDW%2FF1SYCXEpJOef%2FQBI3zonMlxUAr8GtM4acfD%2F3F0e0%2F7oUtw182DVYHDHcyUx7WswA7SvueuE7jr2A29tcp%2F6ewxYDEcq10MZCWcjHSTuaRMDq6GcWp9DQn3oXMR6h9Au%2BSHm8bMFWmq%2BeqinoyWq6gDe15pcRaE5ACFUg4VsN%2FiAcjmtIwlTUFZwg6A%3D&nvMid=30442844619&catId=50000151
LG전자 그램17 17ZD90P-GX50K,"1,389,980원",4.9,984,https://cr.shopping.naver.com/adcr.nhn?x=SmFHgIO6AGZTjrK5oIAgLP%2F%2F%2Fw%3D%3DssvS5gKQuVzVQkVBNAinLl9wkMgeQRu%2BYu30rTVs0q8b2m%2FfFa014Vbw4CyFgdKsau4XCEQxo%2FS9cjltefUtCymzgw1vHu%2FntlbICEsatBzbW1GLj14WWaKoueh%2BB%2Beqozq0I17r5zggJL9ZA7A%2F%2FOFVd6Z%2BmZ5fvTALbBBPmfKIM%2F%2BlQk6a1HFUK42nfWkydBh841xQZBzwngEbarEmbJhtDwm%2BqtcL%2F%2BsHW7V7DzFKMN8Qi7WHFYrXkuB4dpGrQNKZAYBw2VpQuZQsnRkw1%2BcOmY27ZGze0Q%2BtXRlM4OxtarJoVrbEtunAYIkKGowOqS4SDENSbch7Y3nrwj2dmHiEhb%2B5%2BbgCLWD5ufmjwVaCy5rjDnXk2U6sJ3Y5BNj1rPy8tEyH2oRFpR27iEP4S76AhfbmRc6T9Q91MqoVII6ocaacJYw786uu798J9OBLK1nI4vGeNqFta5QYWhK9ZMKyZhU9JNWWwrKxW%2BHnjJkmdmSapl4MirM%2BmwibyLpI1T8AlxSYkXaLH96LNyv1p9SI6jCgKGZtlX6Cobatv5xF8bErDhWNxTFJVlkTC7ljfb1NmOoRBMBsXNQGXzjfbC%2BFUQB%2FrDAzm2q1KHRsHkfE%3D&nvMid=25255964522&catId=50000151
LG전자 그램17 17Z90P-GA76K,"1,848,990원",4.9,526,https://cr.shopping.naver.com/adcr.nhn?x=BNaVRtqRtMgkk8LSchuBV%2F%2F%2F%2Fw%3D%3DsfcYtqzXghgiKvk%2FSj5n8Sb6TeuyIYSQZe%2FEpTPDLSXX2JuB1xbdLlYSG9uR1HG3pPIbzXv7DdVhSE22yMzKS1r9ySJIPRVpgHgo%2FFAdlxvvcMah7aN7cMP3G8TKrYcgIZosIH2NtzSLt%2FLapdgCQ2N9%2BKy%2Fm0d%2BgYWHtEf61Jo5CNclKwvLyA%2Fys%2F%2FHPPajLpxCfCtoeTbDzMfCLGVVTLCKAIbpwv%2BC6ot980PsBr8Pac1A9eX%2F2kC2ux9IFZyvD21FxD3tUtUAa4gpRS5aIZasJF1TG8DXvuOXRWh2aiSE1QmeK3ZPITzKHcbEnR%2BI8vPnZgf5PoAg6EoLQXHCeG5DvrljiJOn7x1gmGOF%2B7QxXfqiCwBtPYYwEdSt6i2JAICHRdwIiCg9kvWRj7vdXbav67bMPJ%2Fd%2Fy4shYr9W7uEmBDonngitmc0jKl7CBWyuIPoa153o%2FgOd%2BKbTIfd8aWt7BkoivcHR%2FmYMsNhY9I9cZ8pgTGru4bgUYhRhw82xoecO5AzbC0w%2FcwlCbPWStOFn0yoYXOsVEUlkz%2FmD%2F56swLW5UXlyoIo2oulePZKY0GwINxEU6S73fusx1BznDjTnC4IqmSAPXhW0YikWiFXLVWGr8fvvH1mWvUgXPK6j&nvMid=25255950522&catId=50000151
주연테크 캐리북T 프로 J3GP Pro,"420,000원",4.7,1437,https://cr.shopping.naver.com/adcr.nhn?x=O5mKwigrxfQUtY%2Fqd7GqSv%2F%2F%2Fw%3D%3DsVAMgaSR8HIu%2BdAiITwrjhQWsIV%2FdTuGiyEawe6By9yv2JuB1xbdLlYSG9uR1HG3plkxV6%2BuuAV4LzQ6b2FoAyL9ySJIPRVpgHgo%2FFAdlxvvcMah7aN7cMP3G8TKrYcgIZosIH2NtzSLt%2FLapdgCQ2N9%2BKy%2Fm0d%2BgYWHtEf61Jo5CNclKwvLyA%2Fys%2F%2FHPPajLaPhkYXcIYiO13EeZrc4HtSKAIbpwv%2BC6ot980PsBr8Pac1A9eX%2F2kC2ux9IFZyvD21FxD3tUtUAa4gpRS5aIZasJF1TG8DXvuOXRWh2aiSE1QmeK3ZPITzKHcbEnR%2BI8Wkx%2BUqgb0H9wS1ovDWM7iJ9odc5TzQoT3rPfGP7AKUtXfqiCwBtPYYwEdSt6i2JAG54kumDHLMV8l14AjxN1Vfj2L7qilNE8egfEoss0t%2FAEc05LTibBt%2FawtKKLwCqnTssn3mdKCnbBbF9RYZsfiabiBYeX1KvJpftOax30DXhTd5Jqc4%2FByqWCbLfJLmW%2BIeYZTT8A6wvMrJW76sQe%2FKFhn%2BEj%2BQ3ziN7qT%2F5t%2FJf61arXRJ0hz5xSmZY1egwp7t8UO86U%2B23iwLN%2FXHx92eRqrWJ00t548oQTKjGppZVB0CIl3BeKsFF2drF%2B%2BsFv&nvMid=23107275490&catId=50000151
펀디지 Flipbook 14형,"349,000원",4.6,769,https://cr.shopping.naver.com/adcr.nhn?x=DISVqbTEGJMNMnsMJQ0Gkv%2F%2F%2Fw%3D%3DsB%2Bxdn2ZyLOpCAAVN0oS75V0f5acUY2N5Wc4ivUy44Q4XtKWU5l2RZhzweonlysWaT8UwmMZPVY1WAiQpu9dcKLVi0vTeIxT88ZfX7r5k80Ek9n8b7H5pIxBdsfQfLaoyvo1Yarskla9GwPDoMhrnl8v%2BjB2erv%2BZ%2Brrs5VHOiTQgGE7%2BZatKjf5hEf1XctkKYvekgZoOfKDf8GTVZN2C5NjMLMF37IGTcafAkl8SUA3k947s3coLwGJFg%2F6MlyZp9dpI0qSdIyMEkpvrTshxl0Pg%2F6PYJW9LpCSumzPJoigK7CtQzZWLlur1%2FFge4%2BEpw2NNPE3rvbHcCL%2B3aICVrhK3DzFioRxK5Q14wqT3fBSkudW4LAgR4Xxl%2FdcF1QLK0zMT88Coz5F%2F1k5pt4wvGD6FURihOvVNK6%2BarovFEXasa1DWv07rrZWh45ddrXsum6ZA1Kh7Y12X2jVajQZvdaWX4OkdQnUc0HiX%2FEfB6sA6EdN0YftZpis4T6B55%2BAcw2popvk5HxytjbrmvguYxP%2FuPNKAKLmIvO2gB%2FUARbhTEI5Ejc%2FlTd%2BaxGytGvIXazg9d0CELTdrPCMt6M3SJh0cjwVm1BUYVknE7IEMpz4%3D&nvMid=28220514523&catId=50000151
에이서 A515-45 테라4,"592,670원",4.8,919,https://cr.shopping.naver.com/adcr.nhn?x=6L%2FbloTlWjwCxN3FqHEd3P%2F%2F%2Fw%3D%3Ds7sVajt7NtNZWIsCEGVyS%2FGAsPfm9dqV1s0f3%2Bz3F1CYXtKWU5l2RZhzweonlysWa64MyJ7RRXp8jVULEhzW3SrVi0vTeIxT88ZfX7r5k80Ek9n8b7H5pIxBdsfQfLaoyvo1Yarskla9GwPDoMhrnl8v%2BjB2erv%2BZ%2Brrs5VHOiTQgGE7%2BZatKjf5hEf1XctkKpNStRA8FzpUOQCRtOrgX4djMLMF37IGTcafAkl8SUA3k947s3coLwGJFg%2F6MlyZp9dpI0qSdIyMEkpvrTshxl0Pg%2F6PYJW9LpCSumzPJoigK7CtQzZWLlur1%2FFge4%2BEpamJRblXpN%2FrzSIlrhqEpAlIQsvPyTUmm8PUSK6WlqOukudW4LAgR4Xxl%2FdcF1QLKQbJD%2Frmh6zMy%2FAi3wgzZ6nornTeMFMWI76yU7BvGjg5E03ZaVkrHVXBjR5KvucVAA3OwbUg%2BzbC%2BwI7FR%2B1V1a9WG84DIl0dsnDYrbdK53A5W8flMqTjVsvw43IAhTCrsnEZeeAf1lijKOB6TxSJ3TZcJD%2FsSGbqVsu5hJdY9Ypez%2FemraRqw0zXMBhPcmE%2BAg5Zy4ajQ%2FMTVilvgXy8%2FoKoDr6us%2BRKRCOTdsWr9TI%3D&nvMid=26687043527&catId=50000151
