예고편,https://comic.naver.com/webtoon/detail?titleId=748105&no=1&weekday=thu
1화 나도 혼자 산다,https://comic.naver.com/webtoon/detail?titleId=748105&no=2&weekday=thu
2화 부동산 대모험,https://comic.naver.com/webtoon/detail?titleId=748105&no=3&weekday=thu
3화 이사 첫날,https://comic.naver.com/webtoon/detail?titleId=748105&no=4&weekday=thu
4화 이사 둘째 날,https://comic.naver.com/webtoon/detail?titleId=748105&no=5&weekday=thu
5화 이사 셋째 날,https://comic.naver.com/webtoon/detail?titleId=748105&no=6&weekday=thu
6화 나홀로 집에,https://comic.naver.com/webtoon/detail?titleId=748105&no=7&weekday=thu
7화 집들이 선물,https://comic.naver.com/webtoon/detail?titleId=748105&no=8&weekday=thu
8화 1인 가구 요리 꿀팁,https://comic.naver.com/webtoon/detail?titleId=748105&no=9&weekday=thu
9화 벌레 퇴치,https://comic.naver.com/webtoon/detail?titleId=748105&no=10&weekday=thu
10화 창문 필름 셀프 시공,https://comic.naver.com/webtoon/detail?titleId=748105&no=11&weekday=thu
11화 밥공기 딜레마,https://comic.naver.com/webtoon/detail?titleId=748105&no=12&weekday=thu
12화 수챗구멍 청소,https://comic.naver.com/webtoon/detail?titleId=748105&no=13&weekday=thu
13화 집밥이 그리우면,https://comic.naver.com/webtoon/detail?titleId=748105&no=14&weekday=thu
14화 그래도 우리 집이 최고,https://comic.naver.com/webtoon/detail?titleId=748105&no=15&weekday=thu
15화 빨래,https://comic.naver.com/webtoon/detail?titleId=748105&no=16&weekday=thu
16화 점잖개,https://comic.naver.com/webtoon/detail?titleId=748105&no=17&weekday=thu
17화 브라이덜 샤워,https://comic.naver.com/webtoon/detail?titleId=748105&no=18&weekday=thu
18화 엄마의 방문,https://comic.naver.com/webtoon/detail?titleId=748105&no=19&weekday=thu
19화 손빨래,https://comic.naver.com/webtoon/detail?titleId=748105&no=20&weekday=thu
20화 가구 채우기,https://comic.naver.com/webtoon/detail?titleId=748105&no=21&weekday=thu
21화 음식물 쓰레기,https://comic.naver.com/webtoon/detail?titleId=748105&no=22&weekday=thu
22화 고양이가 있는 집,https://comic.naver.com/webtoon/detail?titleId=748105&no=23&weekday=thu
23화 엄마의 전화,https://comic.naver.com/webtoon/detail?titleId=748105&no=24&weekday=thu
24화 쓰레기 줄이기,https://comic.naver.com/webtoon/detail?titleId=748105&no=25&weekday=thu
25화 혼자 아픈 날,https://comic.naver.com/webtoon/detail?titleId=748105&no=26&weekday=thu
26화 극강의 자유,https://comic.naver.com/webtoon/detail?titleId=748105&no=27&weekday=thu
27화 인테리어를 부탁해,https://comic.naver.com/webtoon/detail?titleId=748105&no=28&weekday=thu
28화 머리할 때 됐다,https://comic.naver.com/webtoon/detail?titleId=748105&no=29&weekday=thu
29화 비둘기,https://comic.naver.com/webtoon/detail?titleId=748105&no=30&weekday=thu
30화 노동이 필요해,https://comic.naver.com/webtoon/detail?titleId=748105&no=31&weekday=thu
31화 경찰서에서 나왔습니다,https://comic.naver.com/webtoon/detail?titleId=748105&no=32&weekday=thu
32화 고운 말 챌린지,https://comic.naver.com/webtoon/detail?titleId=748105&no=33&weekday=thu
33화 시내버스 적응기,https://comic.naver.com/webtoon/detail?titleId=748105&no=34&weekday=thu
34화 반찬,https://comic.naver.com/webtoon/detail?titleId=748105&no=35&weekday=thu
35화 아빠의 생일,https://comic.naver.com/webtoon/detail?titleId=748105&no=36&weekday=thu
36화 공간 활용,https://comic.naver.com/webtoon/detail?titleId=748105&no=37&weekday=thu
37화 게스트하우스,https://comic.naver.com/webtoon/detail?titleId=748105&no=38&weekday=thu
38화 퇴근시간 교대역 환승하기,https://comic.naver.com/webtoon/detail?titleId=748105&no=39&weekday=thu
39화 아침을 건강하게,https://comic.naver.com/webtoon/detail?titleId=748105&no=40&weekday=thu
40화 서울의 자연,https://comic.naver.com/webtoon/detail?titleId=748105&no=41&weekday=thu
41화 물리치료,https://comic.naver.com/webtoon/detail?titleId=748105&no=42&weekday=thu
42화 요리,https://comic.naver.com/webtoon/detail?titleId=748105&no=43&weekday=thu
43화 치과 찾아 삼만리,https://comic.naver.com/webtoon/detail?titleId=748105&no=44&weekday=thu
44화 난방이 낯설다,https://comic.naver.com/webtoon/detail?titleId=748105&no=45&weekday=thu
45화 과일,https://comic.naver.com/webtoon/detail?titleId=748105&no=46&weekday=thu
46화 벽간 소음,https://comic.naver.com/webtoon/detail?titleId=748105&no=47&weekday=thu
47화 응급실 실려가서 수술받은 썰 푼다 (1),https://comic.naver.com/webtoon/detail?titleId=748105&no=48&weekday=thu
48화 응급실 실려가서 수술받은 썰 푼다 (2),https://comic.naver.com/webtoon/detail?titleId=748105&no=49&weekday=thu
49화 응급실 실려가서 수술받은 썰 푼다 (3),https://comic.naver.com/webtoon/detail?titleId=748105&no=50&weekday=thu
50화 응급실 실려가서 수술받은 썰 푼다 (끝),https://comic.naver.com/webtoon/detail?titleId=748105&no=51&weekday=thu
51화 휴재는 이렇게,https://comic.naver.com/webtoon/detail?titleId=748105&no=52&weekday=thu
52화 한강 산책,https://comic.naver.com/webtoon/detail?titleId=748105&no=53&weekday=thu
53화 코로나19 익명검사 해봄,https://comic.naver.com/webtoon/detail?titleId=748105&no=54&weekday=thu
54화 변기 막혔다,https://comic.naver.com/webtoon/detail?titleId=748105&no=55&weekday=thu
55화 연말의 원룸,https://comic.naver.com/webtoon/detail?titleId=748105&no=56&weekday=thu
56화 온라인 신년회,https://comic.naver.com/webtoon/detail?titleId=748105&no=57&weekday=thu
57화 반려 식물,https://comic.naver.com/webtoon/detail?titleId=748105&no=58&weekday=thu
58화 건강한 식단,https://comic.naver.com/webtoon/detail?titleId=748105&no=59&weekday=thu
59화 겨울밤,https://comic.naver.com/webtoon/detail?titleId=748105&no=60&weekday=thu
60화 중고거래,https://comic.naver.com/webtoon/detail?titleId=748105&no=61&weekday=thu
61화 동네 친구,https://comic.naver.com/webtoon/detail?titleId=748105&no=62&weekday=thu
62화 눈 온다,https://comic.naver.com/webtoon/detail?titleId=748105&no=63&weekday=thu
63화 엄마의 생일,https://comic.naver.com/webtoon/detail?titleId=748105&no=64&weekday=thu
64화 혼자라서 난감한,https://comic.naver.com/webtoon/detail?titleId=748105&no=65&weekday=thu
65화 어르신개,https://comic.naver.com/webtoon/detail?titleId=748105&no=66&weekday=thu
66화 새벽의 원룸,https://comic.naver.com/webtoon/detail?titleId=748105&no=67&weekday=thu
67화 보석 십자수,https://comic.naver.com/webtoon/detail?titleId=748105&no=68&weekday=thu
68화 조금 싸갈래?,https://comic.naver.com/webtoon/detail?titleId=748105&no=69&weekday=thu
69화 1호선 빌런,https://comic.naver.com/webtoon/detail?titleId=748105&no=70&weekday=thu
70화 외출 체크리스트,https://comic.naver.com/webtoon/detail?titleId=748105&no=71&weekday=thu
71화 햄버거 배달,https://comic.naver.com/webtoon/detail?titleId=748105&no=72&weekday=thu
72화 집안일의 굴레,https://comic.naver.com/webtoon/detail?titleId=748105&no=73&weekday=thu
73화 경기버스,https://comic.naver.com/webtoon/detail?titleId=748105&no=74&weekday=thu
74화 이건 되는 꿈이다,https://comic.naver.com/webtoon/detail?titleId=748105&no=75&weekday=thu
75화 곤란한 행인들,https://comic.naver.com/webtoon/detail?titleId=748105&no=76&weekday=thu
76화 체력이 줄었다,https://comic.naver.com/webtoon/detail?titleId=748105&no=77&weekday=thu
77화 장보기,https://comic.naver.com/webtoon/detail?titleId=748105&no=78&weekday=thu
78화 호르몬 죽어,https://comic.naver.com/webtoon/detail?titleId=748105&no=79&weekday=thu
79화 가족의 거리,https://comic.naver.com/webtoon/detail?titleId=748105&no=80&weekday=thu
80화 자취템 추천,https://comic.naver.com/webtoon/detail?titleId=748105&no=81&weekday=thu
81화 방광염 죽어 (1),https://comic.naver.com/webtoon/detail?titleId=748105&no=82&weekday=thu
82화 방광염 죽어 (2),https://comic.naver.com/webtoon/detail?titleId=748105&no=83&weekday=thu
83화 벚꽃이 왜 벌써,https://comic.naver.com/webtoon/detail?titleId=748105&no=84&weekday=thu
84화 만우절 쿠키 만들기,https://comic.naver.com/webtoon/detail?titleId=748105&no=85&weekday=thu
85화 실내 취미,https://comic.naver.com/webtoon/detail?titleId=748105&no=86&weekday=thu
86화 건강을 위하여,https://comic.naver.com/webtoon/detail?titleId=748105&no=87&weekday=thu
87화 배달음식,https://comic.naver.com/webtoon/detail?titleId=748105&no=88&weekday=thu
88화 장롱면허 부활,https://comic.naver.com/webtoon/detail?titleId=748105&no=89&weekday=thu
89화 우울한 날,https://comic.naver.com/webtoon/detail?titleId=748105&no=90&weekday=thu
90화 왜 점점 귀여운데,https://comic.naver.com/webtoon/detail?titleId=748105&no=91&weekday=thu
91화 밥도둑 만들기,https://comic.naver.com/webtoon/detail?titleId=748105&no=92&weekday=thu
92화 왜 없어,https://comic.naver.com/webtoon/detail?titleId=748105&no=93&weekday=thu
93화 어버이날,https://comic.naver.com/webtoon/detail?titleId=748105&no=94&weekday=thu
94화 친구의 결혼,https://comic.naver.com/webtoon/detail?titleId=748105&no=95&weekday=thu
95화 항문외과 다녀왔습니다,https://comic.naver.com/webtoon/detail?titleId=748105&no=96&weekday=thu
96화 생일,https://comic.naver.com/webtoon/detail?titleId=748105&no=97&weekday=thu
97화 하루가 길다,https://comic.naver.com/webtoon/detail?titleId=748105&no=98&weekday=thu
98화 체험 육아 현장,https://comic.naver.com/webtoon/detail?titleId=748105&no=99&weekday=thu
99화 영양제,https://comic.naver.com/webtoon/detail?titleId=748105&no=100&weekday=thu
100화 독립을 돌아보며,https://comic.naver.com/webtoon/detail?titleId=748105&no=101&weekday=thu
QnA,https://comic.naver.com/webtoon/detail?titleId=748105&no=102&weekday=thu
시즌2 예고편,https://comic.naver.com/webtoon/detail?titleId=748105&no=103&weekday=thu
시즌2 1화 부모님의 백신 접종,https://comic.naver.com/webtoon/detail?titleId=748105&no=104&weekday=thu
시즌2 2화 PT (1),https://comic.naver.com/webtoon/detail?titleId=748105&no=105&weekday=thu
시즌2 3화 PT (2),https://comic.naver.com/webtoon/detail?titleId=748105&no=106&weekday=thu
시즌2 4화 감자캐기,https://comic.naver.com/webtoon/detail?titleId=748105&no=107&weekday=thu
시즌2 5화 한강 자전거,https://comic.naver.com/webtoon/detail?titleId=748105&no=108&weekday=thu
시즌2 6화 수목원,https://comic.naver.com/webtoon/detail?titleId=748105&no=109&weekday=thu
시즌2 7화 물물교환,https://comic.naver.com/webtoon/detail?titleId=748105&no=110&weekday=thu
시즌2 8화 반려견 운동장,https://comic.naver.com/webtoon/detail?titleId=748105&no=111&weekday=thu
시즌2 9화 복근 만들기,https://comic.naver.com/webtoon/detail?titleId=748105&no=112&weekday=thu
시즌2 10화 얼떨결에 잔여백신,https://comic.naver.com/webtoon/detail?titleId=748105&no=113&weekday=thu
시즌2 11화 잔여백신 접종 이후,https://comic.naver.com/webtoon/detail?titleId=748105&no=114&weekday=thu
시즌2 12화 건강검진,https://comic.naver.com/webtoon/detail?titleId=748105&no=115&weekday=thu
시즌2 13화 송편 빚기,https://comic.naver.com/webtoon/detail?titleId=748105&no=116&weekday=thu
시즌2 14화 2차 접종 후기,https://comic.naver.com/webtoon/detail?titleId=748105&no=117&weekday=thu
시즌2 15화 가을이었다,https://comic.naver.com/webtoon/detail?titleId=748105&no=118&weekday=thu
시즌2 16화  송이버섯에 얽힌 옛날이야기,https://comic.naver.com/webtoon/detail?titleId=748105&no=119&weekday=thu
시즌2 17화 사주,https://comic.naver.com/webtoon/detail?titleId=748105&no=120&weekday=thu
시즌2 18화 입맛의 변화,https://comic.naver.com/webtoon/detail?titleId=748105&no=121&weekday=thu
시즌2 19화 재물손괴,https://comic.naver.com/webtoon/detail?titleId=748105&no=122&weekday=thu
시즌2 20화 금주,https://comic.naver.com/webtoon/detail?titleId=748105&no=123&weekday=thu
시즌2 21화 엄마와 호캉스,https://comic.naver.com/webtoon/detail?titleId=748105&no=124&weekday=thu
시즌2 22화 최악의 식습관,https://comic.naver.com/webtoon/detail?titleId=748105&no=125&weekday=thu
시즌2 23화 산책,https://comic.naver.com/webtoon/detail?titleId=748105&no=126&weekday=thu
시즌2 24화 불 켜놓고 잠든 밤,https://comic.naver.com/webtoon/detail?titleId=748105&no=127&weekday=thu
시즌2 25화 마음 비우기,https://comic.naver.com/webtoon/detail?titleId=748105&no=128&weekday=thu
시즌2 26화 첫 고속도로 운전 (1),https://comic.naver.com/webtoon/detail?titleId=748105&no=129&weekday=thu
시즌2 27화 첫 고속도로 운전 (2),https://comic.naver.com/webtoon/detail?titleId=748105&no=130&weekday=thu
시즌2 28화 김장,https://comic.naver.com/webtoon/detail?titleId=748105&no=131&weekday=thu
시즌2 29화 그런 친구,https://comic.naver.com/webtoon/detail?titleId=748105&no=132&weekday=thu
시즌2 30화 게임 좋아,https://comic.naver.com/webtoon/detail?titleId=748105&no=133&weekday=thu
시즌2 31화 에어컨 청소,https://comic.naver.com/webtoon/detail?titleId=748105&no=134&weekday=thu
시즌2 32화 우정 사진 재도전,https://comic.naver.com/webtoon/detail?titleId=748105&no=135&weekday=thu
시즌2 33화 바다에서 노는 법 (1),https://comic.naver.com/webtoon/detail?titleId=748105&no=136&weekday=thu
시즌2 34화 바다에서 노는 법 (2),https://comic.naver.com/webtoon/detail?titleId=748105&no=137&weekday=thu
시즌2 35화 내스타일,https://comic.naver.com/webtoon/detail?titleId=748105&no=138&weekday=thu
시즌2 36화 나의 20대 (1),https://comic.naver.com/webtoon/detail?titleId=748105&no=139&weekday=thu
시즌2 37화 나의 20대 (2),https://comic.naver.com/webtoon/detail?titleId=748105&no=140&weekday=thu
시즌2 38화 만두 만들기,https://comic.naver.com/webtoon/detail?titleId=748105&no=141&weekday=thu
시즌2 39화 세상의 모든 알람,https://comic.naver.com/webtoon/detail?titleId=748105&no=142&weekday=thu
시즌2 40화 깐부,https://comic.naver.com/webtoon/detail?titleId=748105&no=143&weekday=thu
시즌2 41화 우리 집 산타,https://comic.naver.com/webtoon/detail?titleId=748105&no=144&weekday=thu
시즌2 42화 시간제 캠핑,https://comic.naver.com/webtoon/detail?titleId=748105&no=145&weekday=thu
시즌2 43화 부모님 가르쳐드리기,https://comic.naver.com/webtoon/detail?titleId=748105&no=146&weekday=thu
시즌2 44화 신년 맞이 스케일링,https://comic.naver.com/webtoon/detail?titleId=748105&no=147&weekday=thu
시즌2 45화 엄마 생일 미역국 끓이기,https://comic.naver.com/webtoon/detail?titleId=748105&no=148&weekday=thu
시즌2 46화 코로나 시대에 적응하는 법,https://comic.naver.com/webtoon/detail?titleId=748105&no=149&weekday=thu
시즌2 47화 결막염,https://comic.naver.com/webtoon/detail?titleId=748105&no=150&weekday=thu
시즌2 48화 제발 드셔주세요,https://comic.naver.com/webtoon/detail?titleId=748105&no=151&weekday=thu
시즌2 49화 설 연휴는 이렇게 (1),https://comic.naver.com/webtoon/detail?titleId=748105&no=152&weekday=thu
시즌2 50화 설 연휴는 이렇게 (2),https://comic.naver.com/webtoon/detail?titleId=748105&no=153&weekday=thu
시즌2 51화 설 연휴는 이렇게 (3),https://comic.naver.com/webtoon/detail?titleId=748105&no=154&weekday=thu
시즌2 52화 4시에 자는 이유,https://comic.naver.com/webtoon/detail?titleId=748105&no=155&weekday=thu
시즌2 53화 된장 만들기,https://comic.naver.com/webtoon/detail?titleId=748105&no=156&weekday=thu
시즌2 54화 인간 사료,https://comic.naver.com/webtoon/detail?titleId=748105&no=157&weekday=thu
시즌2 55화 헤어 클리닉,https://comic.naver.com/webtoon/detail?titleId=748105&no=158&weekday=thu
시즌2 56화 야식 참기,https://comic.naver.com/webtoon/detail?titleId=748105&no=159&weekday=thu
시즌2 57화 투표,https://comic.naver.com/webtoon/detail?titleId=748105&no=160&weekday=thu
시즌2 58화 식물을 키운다는 것,https://comic.naver.com/webtoon/detail?titleId=748105&no=161&weekday=thu
시즌2 59화 릴레이 꿈,https://comic.naver.com/webtoon/detail?titleId=748105&no=162&weekday=thu
시즌2 60화 선인장,https://comic.naver.com/webtoon/detail?titleId=748105&no=163&weekday=thu
시즌2 61화 기름,https://comic.naver.com/webtoon/detail?titleId=748105&no=164&weekday=thu
시즌2 62화 스티커 빵,https://comic.naver.com/webtoon/detail?titleId=748105&no=165&weekday=thu
시즌2 63화 아빠의 정년퇴직 (1),https://comic.naver.com/webtoon/detail?titleId=748105&no=166&weekday=thu
시즌2 64화 아빠의 정년퇴직 (2),https://comic.naver.com/webtoon/detail?titleId=748105&no=167&weekday=thu
시즌2 65화 타코야끼 트럭을 찾아서,https://comic.naver.com/webtoon/detail?titleId=748105&no=168&weekday=thu
시즌2 66화 엄마랑 바다여행 (1),https://comic.naver.com/webtoon/detail?titleId=748105&no=169&weekday=thu
시즌2 67화 엄마랑 바다여행 (2),https://comic.naver.com/webtoon/detail?titleId=748105&no=170&weekday=thu
시즌2 68화 엄마랑 바다여행 (3),https://comic.naver.com/webtoon/detail?titleId=748105&no=171&weekday=thu
시즌2 69화 연등회,https://comic.naver.com/webtoon/detail?titleId=748105&no=172&weekday=thu
시즌2 70화 여유로운 주말 아침,https://comic.naver.com/webtoon/detail?titleId=748105&no=173&weekday=thu
시즌2 71화 토끼네 방문,https://comic.naver.com/webtoon/detail?titleId=748105&no=174&weekday=thu
시즌2 72화 아이스크림의 계절,https://comic.naver.com/webtoon/detail?titleId=748105&no=175&weekday=thu
시즌2 73화 아빠 퇴직 이후,https://comic.naver.com/webtoon/detail?titleId=748105&no=176&weekday=thu
시즌2 74화 무선 이어폰 적응기,https://comic.naver.com/webtoon/detail?titleId=748105&no=177&weekday=thu
시즌2 75화 제주여행 1일차,https://comic.naver.com/webtoon/detail?titleId=748105&no=178&weekday=thu
시즌2 76화 제주여행 2일차,https://comic.naver.com/webtoon/detail?titleId=748105&no=179&weekday=thu
시즌2 77화 제주여행 3일차,https://comic.naver.com/webtoon/detail?titleId=748105&no=180&weekday=thu
시즌2 78화 제주여행 4일차,https://comic.naver.com/webtoon/detail?titleId=748105&no=181&weekday=thu
시즌2 79화 제주여행 5일차,https://comic.naver.com/webtoon/detail?titleId=748105&no=182&weekday=thu
시즌2 80화 제주여행 6일차,https://comic.naver.com/webtoon/detail?titleId=748105&no=183&weekday=thu
시즌2 81화 잠자는 집 속의 강아지,https://comic.naver.com/webtoon/detail?titleId=748105&no=184&weekday=thu
시즌2 82화 추억 팔이,https://comic.naver.com/webtoon/detail?titleId=748105&no=185&weekday=thu
시즌2 83화 이사 준비,https://comic.naver.com/webtoon/detail?titleId=748105&no=186&weekday=thu
시즌2 84화 어서 와 우리 집은 처음이지,https://comic.naver.com/webtoon/detail?titleId=748105&no=187&weekday=thu
시즌2 85화 빨래에서 뭔가 나왔다,https://comic.naver.com/webtoon/detail?titleId=748105&no=188&weekday=thu
시즌2 86화 미친 습도와 미친 호르몬,https://comic.naver.com/webtoon/detail?titleId=748105&no=189&weekday=thu
,
,
,
