삼성전자 노트북 플러스2 NT550XDA-K14A,"528,000원",4.8,5309,https://cr.shopping.naver.com/adcr.nhn?x=rSLKqTf7uTRGrFCEyjMMUf%2F%2F%2Fw%3D%3DseOjEIYcDuW7K5maM4BM0k1qqz5eKqUCcIwEaoCP%2F9qQXtKWU5l2RZhzweonlysWa4NmqBcu99tbKKXUuDD0Fz3uo9tC3S8LBQak5zGnet10IURRuqRGxfuuiGDo%2FNqUFRX9iv%2FcScftz0zx1u1M6mMv%2BjB2erv%2BZ%2Brrs5VHOiTQgGE7%2BZatKjf5hEf1XctkKSuwr1zDZFexCvCxAwqQ9RNjMLMF37IGTcafAkl8SUA3k947s3coLwGJFg%2F6MlyZpOWxMoPSAiq8H%2Bzj3XZG9aWMjnQdnL9wtXZ1LI9BLQeEQhkkHXK4%2FmSRy5icYE%2F27BW36r4QZshREfg%2B3vq7RNjC%2FwoRtZOOou5Ixa2xYPiQ6JIeyjRJJG8AQSjlBThBKUHBl9PMA0QFC9R6ZRgedPA06QLjvbaPD8jd90rfDxdAiNvEAyH7XT6ObGe95mRdUKcFNesfm2JIKYMldNDnLHKOuInwfQ1XmfH35WvRpRXZzzwI0oaKnXE%2BACBtHFAqmjBIY5SGXJfrS7SYBqY83dY6%2F74bs%2FzNmznhIO5N5zjWR%2FXraf7PSbqdpPpvxi2ofv30%2FBv5ickrOXAEtIj6ZestVYavx%2B%2B8fWZa9SBc8rqM%3D&nvMid=26529080523&catId=50000151
삼성전자 노트북 플러스2 NT550XDA-K24A,"579,000원",4.9,2092,https://cr.shopping.naver.com/adcr.nhn?x=OyUaG%2B8YNBisiet3qSv57v%2F%2F%2Fw%3D%3DsodZ3pr0xO9LNlUa82FFHtOVhvo6jTh9I555myJvwue8XtKWU5l2RZhzweonlysWaKcVNW1bkIY8%2B%2F19imTRJ%2B3uo9tC3S8LBQak5zGnet10IURRuqRGxfuuiGDo%2FNqUFRX9iv%2FcScftz0zx1u1M6mMv%2BjB2erv%2BZ%2Brrs5VHOiTQgGE7%2BZatKjf5hEf1XctkK5MEXPXgyZR7qMwb%2BavaLKNjMLMF37IGTcafAkl8SUA3k947s3coLwGJFg%2F6MlyZpOWxMoPSAiq8H%2Bzj3XZG9aWMjnQdnL9wtXZ1LI9BLQeEQhkkHXK4%2FmSRy5icYE%2F27ZC%2BSXUxwyLUckntucAABtav%2Bz9djKGiu%2FMcEyDdeO4Q6JIeyjRJJG8AQSjlBThBKwGzJzXPgq4NqvxAOjtnJwRoFP7p9U9LJLh2ZW9IhrooiNvEAyH7XT6ObGe95mRdUd3%2FGeyhUFwMFDpk0nKSQD6OuInwfQ1XmfH35WvRpRXZIrVCefn9D5SnYEX46JXrPPgsD1UbxDq6yE2VnUQAnJI6%2F74bs%2FzNmznhIO5N5zjV%2B3pUpD6FRhL9ZTpbaJDH%2Bv30%2FBv5ickrOXAEtIj6ZestVYavx%2B%2B8fWZa9SBc8rqM%3D&nvMid=26760806522&catId=50000151
삼성전자 갤럭시북 NT750XDZ-A51A,"949,000원",4.9,4316,https://cr.shopping.naver.com/adcr.nhn?x=cGNupEA9ehPoM%2BVj5fYeBf%2F%2F%2Fw%3D%3Ds1LVTSbcfXYEnnCUpsC7LaEMe0I5pdDV5IMnVDh9zobMXtKWU5l2RZhzweonlysWaFoRW7lygMoqehrcBdzilEnuo9tC3S8LBQak5zGnet10IURRuqRGxfuuiGDo%2FNqUFRX9iv%2FcScftz0zx1u1M6mMv%2BjB2erv%2BZ%2Brrs5VHOiTQgGE7%2BZatKjf5hEf1XctkKL9r4Iwx6TiQspfGzCjS1ldjMLMF37IGTcafAkl8SUA3k947s3coLwGJFg%2F6MlyZpOWxMoPSAiq8H%2Bzj3XZG9aWMjnQdnL9wtXZ1LI9BLQeEQhkkHXK4%2FmSRy5icYE%2F27ZC%2BSXUxwyLUckntucAABtYRVC5UxwQ8PvY9icN45ed46JIeyjRJJG8AQSjlBThBKUw%2BDfKk9hztcPc6J19KbCYbsAXK7ukSFyiqo6dBoBn4iNvEAyH7XT6ObGe95mRdUxsWmQ0qFQ9b57UMCvCvudaOuInwfQ1XmfH35WvRpRXbqahjwEnLd3MGGF8rrRkVpyJB6BqJQNuJrxb507YidyY6%2F74bs%2FzNmznhIO5N5zjU8TecsTlfj9BXA10mc2Yn8jnG52IRiKMqfu7Zudh8wioVsN%2FiAcjmtIwlTUFZwg6A%3D&nvMid=27175663523&catId=50000151
삼성전자 갤럭시북 프로360 NT950QDY-A51A,"1,649,000원",4.9,2857,https://cr.shopping.naver.com/adcr.nhn?x=3l9DegMPkPrgimGwKmfx9%2F%2F%2F%2Fw%3D%3DsTEyAhqJg4uHhBQRynR1%2FxDVwuIXxqluiAEcPb9RBNL%2F2m%2FfFa014Vbw4CyFgdKsao6XKi51SQScjZMt30qSCLjI9BiBN%2BMjY2n6IYmw3r0nE5G%2FfZh5VYjKEyzubS3UD2CMy8USEI%2Bv4H3TvkVWR91Vd6Z%2BmZ5fvTALbBBPmfKLguQXqc0tNBo5vCJmBaBuv7mY6yOkcPwiQ4Z46c2B%2FHBtDwm%2BqtcL%2F%2BsHW7V7DzFKMN8Qi7WHFYrXkuB4dpGrQAcVQjyiMUhaQkY9N2D%2FojwOYo6k1Oo50TUU4fpFFbAIHs%2F2PHkpmvWjL2qy1nHubRAhzpglrnvlBGmlIRzIuh%2BwAO1LuFd4vPhelRClssspKjRp2D9pkBhcJdqPQCXkTRwJ5539hdOJPEgzFqB%2BduKaVN2ADMYM38t8V6qjrb%2BoLSv5SYzis5SVdiBAX6a8RT2K7jBou%2BKVU0dLO9J2N%2F1xnymBMau7huBRiFGHDzbGBtPWGNfs7n4m4Bvaqj61Uemn0xxQI%2BmD6SiBOdVZxXb%2BGBoyQkiFtSLwcV09cBve17Wbz%2BmwSYa8oZBz%2FkSet%2BinSbHx8BlHmHZ8RE1lLEg4SwcLvxUEucVmH%2BcOht40%3D&nvMid=26962413523&catId=50000151
삼성전자 갤럭시북 프로 NT950XDC-X71A,"1,849,000원",4.9,1187,https://cr.shopping.naver.com/adcr.nhn?x=4aVHs%2F3o9xBZRNcPlmZEgv%2F%2F%2Fw%3D%3DssO22x0DTpVcpQi6YcWU53FwrMN5YhFa9VoaMznJMpuD2m%2FfFa014Vbw4CyFgdKsam15Htkk6Y2TMO7hbuu1objI9BiBN%2BMjY2n6IYmw3r0nE5G%2FfZh5VYjKEyzubS3UD2CMy8USEI%2Bv4H3TvkVWR91Vd6Z%2BmZ5fvTALbBBPmfKLguQXqc0tNBo5vCJmBaBuvCRgpweP%2FVHqE5wuyb5W22BtDwm%2BqtcL%2F%2BsHW7V7DzFKMN8Qi7WHFYrXkuB4dpGrQAcVQjyiMUhaQkY9N2D%2FojwOYo6k1Oo50TUU4fpFFbAIHs%2F2PHkpmvWjL2qy1nHubSD15%2F83xTvKuWs%2B44dFtKrVzNS4umEsEFRmtGgiUR6BKjRp2D9pkBhcJdqPQCXkT34dJAzorHpFm1kg8BVuvqvMfdrXM6vLkGCeWNhGazLoLSv5SYzis5SVdiBAX6a8RKlwMliaZvVNQf1NougrLplxnymBMau7huBRiFGHDzbGZW0rFMFpHik49hxWM0ZjRdWA9PWJoYJJnvWNN3AVb8b%2BGBoyQkiFtSLwcV09cBvdDv9yY20vXf2YTdtoeWsgCh9mehwrTyuuYDkQPEBg7Wg4SwcLvxUEucVmH%2BcOht40%3D&nvMid=26963856522&catId=50000151
삼성전자 노트북 플러스2 NT550XDZ-AD5A,"649,000원",4.9,622,https://cr.shopping.naver.com/adcr.nhn?x=qI4xNkQNXDQMiZqyW3i5MP%2F%2F%2Fw%3D%3Ds5%2BQyigKXokOKcCuO3YfnT9n%2BgD5na6vIykWS6Elk86UXtKWU5l2RZhzweonlysWaBdLNqODd8FZqKtP8N4iEiHuo9tC3S8LBQak5zGnet10IURRuqRGxfuuiGDo%2FNqUFRX9iv%2FcScftz0zx1u1M6mMv%2BjB2erv%2BZ%2Brrs5VHOiTQgGE7%2BZatKjf5hEf1XctkK589YEmhCGUugIhksxkE5%2F9jMLMF37IGTcafAkl8SUA3k947s3coLwGJFg%2F6MlyZpOWxMoPSAiq8H%2Bzj3XZG9aWMjnQdnL9wtXZ1LI9BLQeEQhkkHXK4%2FmSRy5icYE%2F27ZC%2BSXUxwyLUckntucAABtbTWU%2BN93dypPIq%2FoZrcIjM6JIeyjRJJG8AQSjlBThBKyzXQiv6F9a2gCQxeOWCakb6sWKBGqdm9fiZumZ8xHDciNvEAyH7XT6ObGe95mRdUocQB8H%2FQ6bnw4l%2FvjVCHh6OuInwfQ1XmfH35WvRpRXbKSsr7l%2FxHO7vePUqgtxXB93Kyt%2BsRc5pxIYOxbaYe%2FI6%2F74bs%2FzNmznhIO5N5zjX10Q8gk2YTzERAJzIWYs%2Fhv30%2FBv5ickrOXAEtIj6ZestVYavx%2B%2B8fWZa9SBc8rqM%3D&nvMid=28482155554&catId=50000151
삼성전자 갤럭시북 프로 NT950XDX-G51A,"1,460,500원",4.8,2873,https://cr.shopping.naver.com/adcr.nhn?x=ozq%2FRYHgUGwgGvBe2NjX1P%2F%2F%2Fw%3D%3DsisriUVjWZtHS7mlhUVWGWKXb1JTEQnvmVMaXm8%2BKKjYXtKWU5l2RZhzweonlysWabacyAeJrUrL1F3fGC%2FIm43uo9tC3S8LBQak5zGnet10IURRuqRGxfuuiGDo%2FNqUFRX9iv%2FcScftz0zx1u1M6mMv%2BjB2erv%2BZ%2Brrs5VHOiTQgGE7%2BZatKjf5hEf1XctkK0vMfEJOWc8YrX4O%2FD6SxOtjMLMF37IGTcafAkl8SUA3k947s3coLwGJFg%2F6MlyZpOWxMoPSAiq8H%2Bzj3XZG9aWMjnQdnL9wtXZ1LI9BLQeEQhkkHXK4%2FmSRy5icYE%2F27BW36r4QZshREfg%2B3vq7RNnLNnWfNtZ2eJlmikQjX%2BfI6JIeyjRJJG8AQSjlBThBKoeF%2BSdXE94PDcyCQLvQkhcAEOXlvQJWXFu6lr5MGrugiNvEAyH7XT6ObGe95mRdU%2BzCX3943C5kLC4WT%2BMX6%2F6OuInwfQ1XmfH35WvRpRXZBX99lhwe2zEzDZtN%2F4lsPELdSwOH%2B3POyFmA9draohxLPHBVE1X9hF6ZkrnPWwISdlEi0VnLJlJqBEcZUf2UwBW8KuiGiSyecfsdYFvlQzGhopkeKUdu5q4dSKA0zkoA%3D&nvMid=26964275522&catId=50000151
LG전자 울트라PC 15U40N-GR56K,"838,990원",4.8,1192,https://cr.shopping.naver.com/adcr.nhn?x=iqbNxDZo8jsX9zN7Ivh2N%2F%2F%2F%2Fw%3D%3DstP5tIaVVq45DZ7lTYm6lwGCgKQrfTB%2F8oAmeLwzCPLgXtKWU5l2RZhzweonlysWavrWINONdIQeCQVFOGGhEkHuo9tC3S8LBQak5zGnet10IURRuqRGxfuuiGDo%2FNqUFRX9iv%2FcScftz0zx1u1M6mMv%2BjB2erv%2BZ%2Brrs5VHOiTQgGE7%2BZatKjf5hEf1XctkKVX4s8yVN1tszu75Zp0nkedjMLMF37IGTcafAkl8SUA3k947s3coLwGJFg%2F6MlyZpOWxMoPSAiq8H%2Bzj3XZG9aWMjnQdnL9wtXZ1LI9BLQeEQhkkHXK4%2FmSRy5icYE%2F27ZC%2BSXUxwyLUckntucAABtWu4xpZLFQOSpatJ0LGHFVo6JIeyjRJJG8AQSjlBThBKk%2FbZnbE7ywHo2fsG5fDyGEbuVdBcxB0WV4olYV0pcukiNvEAyH7XT6ObGe95mRdU1P29QXnqC9JJwZdsELlLD%2FI0fIFRfBZUPaSLRPGc3PJ5k7T03r6ae7LSADg35CaISxn12yTajQnyYp2bW%2BvrRPoLRdeTzJJo5DQ5ovPMjEUgEyIhYnCh4G%2BreAUMDT9zrvrjtEsV09Y7kDpR8Eo1LoVsN%2FiAcjmtIwlTUFZwg6A%3D&nvMid=23689778498&catId=50000151
삼성전자 갤럭시북 NT750XDA-X71A,"1,499,000원",5,915,https://cr.shopping.naver.com/adcr.nhn?x=0kqgGm3DcC9xK%2B%2FgTg1Lpv%2F%2F%2Fw%3D%3DsQ8rufP2Nzl%2FCyMpsg6zS4sfmUo12yXeJ6FHWObw0j3wXtKWU5l2RZhzweonlysWa1pok0FeMJRnNBzhHRKPxbHuo9tC3S8LBQak5zGnet10IURRuqRGxfuuiGDo%2FNqUFRX9iv%2FcScftz0zx1u1M6mMv%2BjB2erv%2BZ%2Brrs5VHOiTQgGE7%2BZatKjf5hEf1XctkKHAW%2FMcHoOceTNAhrA9IWI9jMLMF37IGTcafAkl8SUA3k947s3coLwGJFg%2F6MlyZpOWxMoPSAiq8H%2Bzj3XZG9aWMjnQdnL9wtXZ1LI9BLQeEQhkkHXK4%2FmSRy5icYE%2F27ZC%2BSXUxwyLUckntucAABtRnpPfF4uWsz%2Bxs17WKU1g86JIeyjRJJG8AQSjlBThBKmJcopMbqEIAJA6X9IidcJHxhJ7aft8O35QRfSHTBWU4iNvEAyH7XT6ObGe95mRdUQdV6PMCnl2yYISpdbDArJaOuInwfQ1XmfH35WvRpRXYf%2BsCETMsgAT2f9yLzAAZeDQjk%2BOLbeO6VBHNDRg26nBLPHBVE1X9hF6ZkrnPWwIQrRp%2BRGoJr23F7crKqErekXkFD2OngKzxFOZU66A9Ih82OqH9l6YII5ugOGfB4CYY%3D&nvMid=29327500618&catId=50000151
삼성전자 갤럭시북 프로360 NT930QDY-A51A,"1,598,000원",4.9,1918,https://cr.shopping.naver.com/adcr.nhn?x=F79CoOytTNGh9gp6cjzQBv%2F%2F%2Fw%3D%3Dst3CGEFdYsdqsxwsoeZO5hHBYe%2B0JjBKEaJ37oIDTrVf2m%2FfFa014Vbw4CyFgdKsaDvym%2BHwFDKIWJN%2BpgGgFfTI9BiBN%2BMjY2n6IYmw3r0nE5G%2FfZh5VYjKEyzubS3UD2CMy8USEI%2Bv4H3TvkVWR91Vd6Z%2BmZ5fvTALbBBPmfKLguQXqc0tNBo5vCJmBaBuvaBy2%2Fg1XY16r7K0mLBbQ0htDwm%2BqtcL%2F%2BsHW7V7DzFKMN8Qi7WHFYrXkuB4dpGrQAcVQjyiMUhaQkY9N2D%2FojwOYo6k1Oo50TUU4fpFFbAIHs%2F2PHkpmvWjL2qy1nHubEQTlPp0BN2QFUVC062HIEsA4JfbVgO2PvagevcBDAa1KjRp2D9pkBhcJdqPQCXkTsUF0WslNCYeKrmx%2Be3E82OvyCA30pp3dSh9YDGk7Ja0LSv5SYzis5SVdiBAX6a8RSA5ZPxbKP5M6kO8sY0BqqlxnymBMau7huBRiFGHDzbFltt08Y%2FreX8QxvZwdaa6Ndcfmgi7GctygwoUCYBYHQb%2BGBoyQkiFtSLwcV09cBvdJNDHVlBUOf2rhZN3JtitDxLRagrQf9JvEvZdBO5pTTIVsN%2FiAcjmtIwlTUFZwg6A%3D&nvMid=26963354522&catId=50000151
LG전자 그램16 16ZD90P-GX50K,"1,534,990원",4.9,3793,https://cr.shopping.naver.com/adcr.nhn?x=uyS24mcHewPfOk%2FjRHlxpv%2F%2F%2Fw%3D%3DsDxIYsQwIk9suDPQqO2X8jR9dkSFaWer5yiwpwe9HvuX2JuB1xbdLlYSG9uR1HG3phAT9BJekh%2BfQ8CsocqwzdXTVnpTraTaHjGp2N4Q8wiD%2FaBlssLryUHlT2IgBfNQJAmIDNXvXSR99vtNyot58%2Bt9%2BKy%2Fm0d%2BgYWHtEf61Jo5CNclKwvLyA%2Fys%2F%2FHPPajLdhw5W2FSCSRQxlFgeU9UHCKAIbpwv%2BC6ot980PsBr8Pac1A9eX%2F2kC2ux9IFZyvD21FxD3tUtUAa4gpRS5aIZaLj%2BvSXPWhKT0BbyrMWxS%2Bk6v2w9jBqMGR4TTsgYaQnlII%2ByYYqWVu3SSXxcjEJdFtHyXTTrKt8z9FZdGl%2BEXZqLzcRVswO%2FNXTrA15l4GN%2FI5Wy4%2B4iMbCDSP2g27rRa2YEVw747Kn%2F%2FUDWJBpWricPfwzF9ktWcxdrcTtO8KUHp6JlaEmbfHStJqPXHq2KgytRF4ZMx6T6BBWF9sGbtPO81BfrKifA625tU3AKByv%2B6kQQfUniw%2BPBowVh72MqogN%2F1NgM4LgvOAJ6Euy6vlU8B1hZeHSZjYBPW9XeyatUnZwrj0Ety%2FtDSRM03YQmFdznR4EhPC6BI08fc6TT2xWkbDrUFJ2hBG8QaB8WVzn&nvMid=25255963522&catId=50000151
삼성전자 갤럭시북 NT750XDZ-A71A,"1,269,000원",4.9,1637,https://cr.shopping.naver.com/adcr.nhn?x=eWxUWeza%2BErbb1ZdbkVtwP%2F%2F%2Fw%3D%3Dsb5a4pVxCW7yAhxdUs6VUq%2BiZU935IhsSDDWSbbJrC0cXtKWU5l2RZhzweonlysWaW85lXR%2FUwxwWciIFk%2FdTaXuo9tC3S8LBQak5zGnet10IURRuqRGxfuuiGDo%2FNqUFRX9iv%2FcScftz0zx1u1M6mMv%2BjB2erv%2BZ%2Brrs5VHOiTQgGE7%2BZatKjf5hEf1XctkKO5S8NST0WY42xZsDvxkRKdjMLMF37IGTcafAkl8SUA3k947s3coLwGJFg%2F6MlyZpOWxMoPSAiq8H%2Bzj3XZG9aWMjnQdnL9wtXZ1LI9BLQeEQhkkHXK4%2FmSRy5icYE%2F27ZC%2BSXUxwyLUckntucAABtQZSfnQMy%2FCbuJZXH9GLTcU6JIeyjRJJG8AQSjlBThBKUw%2BDfKk9hztcPc6J19KbCYo9D42zeUTqRw61RZX7rzEiNvEAyH7XT6ObGe95mRdU%2Fh1ihsfSXrdG%2FZE%2Fto2Oc6OuInwfQ1XmfH35WvRpRXa0u7GH59hN1UCT5sYDtdC%2FnQt2Q%2FHq8dcFR3F0tSvP4RLPHBVE1X9hF6ZkrnPWwIQIqz5tF8Bp%2BpyjjjnaUmkFikaS6AYotvs6hY2R6cL3yc2OqH9l6YII5ugOGfB4CYY%3D&nvMid=27175491522&catId=50000151
삼성전자 갤럭시북 프로 NT930XDY-A51A,"1,297,990원",4.9,829,https://cr.shopping.naver.com/adcr.nhn?x=2sKXTBEnNVvJ4rhCjOJv8%2F%2F%2F%2Fw%3D%3Dsod8JnqEqi0RwnpKr0ngSyToXzDhc0RhSvXogPRKOUWn2m%2FfFa014Vbw4CyFgdKsaTP6tvaKZh0tmYGHVX9Ms6DI9BiBN%2BMjY2n6IYmw3r0nE5G%2FfZh5VYjKEyzubS3UD2CMy8USEI%2Bv4H3TvkVWR91Vd6Z%2BmZ5fvTALbBBPmfKLguQXqc0tNBo5vCJmBaBuvJq27EOSsovYGD%2FeJN2XVaBtDwm%2BqtcL%2F%2BsHW7V7DzFKMN8Qi7WHFYrXkuB4dpGrQAcVQjyiMUhaQkY9N2D%2FojwOYo6k1Oo50TUU4fpFFbAIHs%2F2PHkpmvWjL2qy1nHubT9ndxjAm7Z%2BgG4GLnIrfimdDIqfSJa%2Bti2nfsdmYMaZKjRp2D9pkBhcJdqPQCXkTnAN3tGy3rJUp0gj6xFuEfVj0UDbq3WYfOGFP%2BpBu2cULSv5SYzis5SVdiBAX6a8Rn6CeyyP%2BHy9Ff3LxjtXbWVxnymBMau7huBRiFGHDzbHQObKoPa%2Fk7vCA1AGKHE1loUVwTCNf2hi7pA74cUFE67%2BGBoyQkiFtSLwcV09cBve3b9ypFwd8AZwd%2F5l6jk8IxLRagrQf9JvEvZdBO5pTTIVsN%2FiAcjmtIwlTUFZwg6A%3D&nvMid=26965594523&catId=50000151
레노버 Slim3 15ITL 5D,"678,960원",4.9,739,https://cr.shopping.naver.com/adcr.nhn?x=0AhiL%2FWmv6vNEqkSXYyacP%2F%2F%2Fw%3D%3DsusgdN6ILeeo1EKE6B%2BkURBqrmEbezGtvMifc6wkuSC%2F2JuB1xbdLlYSG9uR1HG3pOXZzBbxY%2BeFYxy7AUnbG6XTVnpTraTaHjGp2N4Q8wiD%2FaBlssLryUHlT2IgBfNQJAmIDNXvXSR99vtNyot58%2Bt9%2BKy%2Fm0d%2BgYWHtEf61Jo5CNclKwvLyA%2Fys%2F%2FHPPajL1z7oQmcPIhoxqV%2FL2ILkVCKAIbpwv%2BC6ot980PsBr8Pac1A9eX%2F2kC2ux9IFZyvD21FxD3tUtUAa4gpRS5aIZaLj%2BvSXPWhKT0BbyrMWxS%2Bk6v2w9jBqMGR4TTsgYaQnlII%2ByYYqWVu3SSXxcjEJdNApASrQjmsmTr6s7DC%2Bb%2FtqLzcRVswO%2FNXTrA15l4GN%2FI5Wy4%2B4iMbCDSP2g27rRbui8GDkmpHUVqURlO178T6cPfwzF9ktWcxdrcTtO8KUO%2BvU0Na0Vj0wnfRXoDlDQC%2B1eG5Ph4RplPCFGaQmONwVnRYtT0fC6PQA%2BsO54Ua8ZG80Addv7%2BH%2BaGoD%2BSO1B4gN%2F1NgM4LgvOAJ6Euy6vnJOAj7j%2FgTMeESJXeLFN81K2b58nM2mxNF7KNhc%2FUoqFdznR4EhPC6BI08fc6TT2xWkbDrUFJ2hBG8QaB8WVzn&nvMid=27126083522&catId=50000151
삼성전자 노트북 플러스2 NT560XDZ-G78A,"1,455,260원",4.8,767,https://cr.shopping.naver.com/adcr.nhn?x=1iSB6%2FkdXQa2sRFRahpbuf%2F%2F%2Fw%3D%3DsRp29roJwY7mJa1H1W5i1lUefHYpenCf4xIxjVC58%2BBv2m%2FfFa014Vbw4CyFgdKsastZGZPHoLFE66Zx%2FG0dR5jI9BiBN%2BMjY2n6IYmw3r0nE5G%2FfZh5VYjKEyzubS3UD2CMy8USEI%2Bv4H3TvkVWR91Vd6Z%2BmZ5fvTALbBBPmfKIM%2F%2BlQk6a1HFUK42nfWkydpornDwU57nvIM%2FM3cGXYNRtDwm%2BqtcL%2F%2BsHW7V7DzFKMN8Qi7WHFYrXkuB4dpGrQAcVQjyiMUhaQkY9N2D%2FojwOYo6k1Oo50TUU4fpFFbAIHs%2F2PHkpmvWjL2qy1nHubhqhuEhlMkyMkZvZ2Nug9aNT2fZJbYJopaL79IOsAZzhKjRp2D9pkBhcJdqPQCXkTDM4fojRYfXk3ej86dUcKiozNXUdV%2B48Jxfs6hVrVhIILSv5SYzis5SVdiBAX6a8RofUJhue6dJzp7MBIjg0UFVxnymBMau7huBRiFGHDzbFKUruYSucZGhOAwJiXkHMLSh1xd2KRDDQDLKwTlftzqb%2BGBoyQkiFtSLwcV09cBvfC2j97GXPW3I2WAx%2BJVsrBa03kth0iaaXQJ77iP%2FBjloVsN%2FiAcjmtIwlTUFZwg6A%3D&nvMid=25312407522&catId=50000151
삼성전자 갤럭시북 프로360 NT950QDB-K71A,"2,098,990원",4.9,2446,https://cr.shopping.naver.com/adcr.nhn?x=uMquD37J%2BWf3%2BoCjeFs2d%2F%2F%2F%2Fw%3D%3DsDYnfZTTpP3EhuezgklHmhui9ot0FwXn6FxI0iFHP%2BkX2JuB1xbdLlYSG9uR1HG3pspjBkiPoE5p1cNEuqcZRfXTVnpTraTaHjGp2N4Q8wiD%2FaBlssLryUHlT2IgBfNQJAmIDNXvXSR99vtNyot58%2Bt9%2BKy%2Fm0d%2BgYWHtEf61Jo5CNclKwvLyA%2Fys%2F%2FHPPajLShOnhxAwAi8Bj8kWEiXeCiKAIbpwv%2BC6ot980PsBr8Pac1A9eX%2F2kC2ux9IFZyvD21FxD3tUtUAa4gpRS5aIZaLj%2BvSXPWhKT0BbyrMWxS%2Bk6v2w9jBqMGR4TTsgYaQnlII%2ByYYqWVu3SSXxcjEJdMV4brM6B23XQPz8Y43lqZpqLzcRVswO%2FNXTrA15l4GN%2FI5Wy4%2B4iMbCDSP2g27rRe%2B%2FeWav5FsnIh3tokWfFPCcPfwzF9ktWcxdrcTtO8KUt0%2B4fI0gY0vbH%2B9XlSCs6gasBOyv1FL28EYMxOd3eCXwhjTFZLH2L9Cq8BQzuZjyIr7GpxT1vRAE%2FgTjo3ZXSIgN%2F1NgM4LgvOAJ6Euy6vml8npByPmqsiK6RSfVqupVIG5MJk8QZR3wWBrc0DHF1VdznR4EhPC6BI08fc6TT2xWkbDrUFJ2hBG8QaB8WVzn&nvMid=26955662522&catId=50000151
한성컴퓨터 올데이롱 TFX5470H,"889,000원",4.7,930,https://cr.shopping.naver.com/adcr.nhn?x=9gEdEnaecyx%2B3dkrGi9V6P%2F%2F%2Fw%3D%3DsBiRwUMCh%2Bs3FE5U1ndgr4oBmag1wvePIMg2W9U1unOIXtKWU5l2RZhzweonlysWa2AGxnBB9G%2BhouJ6pP2JYinuo9tC3S8LBQak5zGnet10IURRuqRGxfuuiGDo%2FNqUFRX9iv%2FcScftz0zx1u1M6mMv%2BjB2erv%2BZ%2Brrs5VHOiTQgGE7%2BZatKjf5hEf1XctkKBMg%2Fr1r01CwUAQD4jT2JPtjMLMF37IGTcafAkl8SUA3k947s3coLwGJFg%2F6MlyZpOWxMoPSAiq8H%2Bzj3XZG9aWMjnQdnL9wtXZ1LI9BLQeEQhkkHXK4%2FmSRy5icYE%2F27%2FhDyiXZ86Jo%2BZEQ64BV62X%2FQmj3yBA0VMok37FB2qQI6JIeyjRJJG8AQSjlBThBKZN5qVxISWts0Eyy1LRtzseRQGCGh7GzaSZLOnWvz0NYiNvEAyH7XT6ObGe95mRdU599Vq86x%2B0CwX%2Bzm3%2B2jUHWjH6ey6OwVzNFsUqWEYPBKoFLl70xk1%2BLEJAbVsp%2FXQgtA9Y%2FUXq97tsk8dBJv%2Fe9barVkGm5X%2F%2B%2B0pSBMYecvL1VtW3tFN3nwvk6gxjFGfvuabdW%2FXBDymTYotD5iu8sTe7KMH92wbM0zhTUMbwkNUJgJp6CUXauCvW7Y5AjN&nvMid=23230103490&catId=50000151
삼성전자 갤럭시북 이온2 NT950XDZ-A58AW,"1,298,000원",4.8,3898,https://cr.shopping.naver.com/adcr.nhn?x=C6k0dilUqjenraN2J8imUf%2F%2F%2Fw%3D%3Dsk%2BI0Rzr96HVNypZaUU5K6AKc1L8Y0WXT1J1LEbG5MCr2JuB1xbdLlYSG9uR1HG3pppkk3Kcel9S0GUmspwN71HTVnpTraTaHjGp2N4Q8wiD%2FaBlssLryUHlT2IgBfNQJAmIDNXvXSR99vtNyot58%2Bt9%2BKy%2Fm0d%2BgYWHtEf61Jo5CNclKwvLyA%2Fys%2F%2FHPPajLTqip%2FLfWaNsVsGuFXKMNFyKAIbpwv%2BC6ot980PsBr8Pac1A9eX%2F2kC2ux9IFZyvD21FxD3tUtUAa4gpRS5aIZaLj%2BvSXPWhKT0BbyrMWxS%2Bk6v2w9jBqMGR4TTsgYaQnlII%2ByYYqWVu3SSXxcjEJdIqBSTBWlDptrvfNfaczh29qLzcRVswO%2FNXTrA15l4GN%2FI5Wy4%2B4iMbCDSP2g27rRekPNvo3mi%2BELkuJomMwdQycPfwzF9ktWcxdrcTtO8KUz3xKahMjyDtu5onLYIc31YZbEJdP56rPYLf3NMwYGsIlGcAYjD5sRRtGDmIA1HVP6WmiGo7cDjep5EmwDepILQ1q4RxHKdKf%2Fyis4rudz3RzQOkUjSBLVDNPg4CgpjxLRCkhgWbTNXHjgsR77gL9P1aFndIwdNwuWmKtx1HNSCrUkiyUGZ3FpPHvE7X48%2Bhb&nvMid=25310546522&catId=50000151
LG전자 그램14 14ZD90P-GX50K,"1,298,990원",4.9,722,https://cr.shopping.naver.com/adcr.nhn?x=%2FgWgTrpONUECq3PHG5oeKv%2F%2F%2Fw%3D%3Ds3ikGDuyfaYnoe6uiY0vs1Deg0zzsgmPa3Xjpe0vGNyT2JuB1xbdLlYSG9uR1HG3piUo9XAxcT0jyL6Xkae0EKXTVnpTraTaHjGp2N4Q8wiD%2FaBlssLryUHlT2IgBfNQJAmIDNXvXSR99vtNyot58%2Bt9%2BKy%2Fm0d%2BgYWHtEf61Jo5CNclKwvLyA%2Fys%2F%2FHPPajLYO0yhaHYVQm2BvX2xJK%2BwyKAIbpwv%2BC6ot980PsBr8Pac1A9eX%2F2kC2ux9IFZyvD21FxD3tUtUAa4gpRS5aIZaLj%2BvSXPWhKT0BbyrMWxS%2Bk6v2w9jBqMGR4TTsgYaQnlII%2ByYYqWVu3SSXxcjEJdPUUZSFU7Ugvx%2BvbrUmx1nxqLzcRVswO%2FNXTrA15l4GN%2FI5Wy4%2B4iMbCDSP2g27rRQrsYftlxWfvKI8nDAomRzacPfwzF9ktWcxdrcTtO8KUs%2FOeNA1%2FaUAs0BxKovwZpQytRF4ZMx6T6BBWF9sGbtMiCvo8BI%2B6Km8%2FG9ba4FgC9JIFh4PMkvwJflHtSwYKdIgN%2F1NgM4LgvOAJ6Euy6vlwUoCY%2BR5Cq2PBKrxD3f2TUjajhin5o7WHwZfMpsivmFdznR4EhPC6BI08fc6TT2xWkbDrUFJ2hBG8QaB8WVzn&nvMid=25310958522&catId=50000151
삼성전자 갤럭시북 프로 NT950XDY-A51A,"1,349,000원",4.9,2745,https://cr.shopping.naver.com/adcr.nhn?x=wIwAtTSVCwl8PtflLyru7%2F%2F%2F%2Fw%3D%3DsnZf2GN1NNH4HTzzJnUroW0m6H7B0qiKKll6bpbKn%2Bj%2F2JuB1xbdLlYSG9uR1HG3pR6QPhqu6huoQp6jRDaRJEHTVnpTraTaHjGp2N4Q8wiD%2FaBlssLryUHlT2IgBfNQJAmIDNXvXSR99vtNyot58%2Bt9%2BKy%2Fm0d%2BgYWHtEf61Jo5CNclKwvLyA%2Fys%2F%2FHPPajLLL4DdSiFu8dMCkT3qqptlSKAIbpwv%2BC6ot980PsBr8Pac1A9eX%2F2kC2ux9IFZyvD21FxD3tUtUAa4gpRS5aIZaLj%2BvSXPWhKT0BbyrMWxS%2Bk6v2w9jBqMGR4TTsgYaQnlII%2ByYYqWVu3SSXxcjEJdN733hQNKjzafKGSmJdiW8hqLzcRVswO%2FNXTrA15l4GN%2FI5Wy4%2B4iMbCDSP2g27rRefuMLY%2BTeqdelJ6DR8osSOcPfwzF9ktWcxdrcTtO8KUjoDkOdUwfXOKwwPUEXfJoi%2B%2BL0YUDWRAE16D0zAqvdrbISa7bZ0alS6%2FbIu06IqD2In%2B7kSfrFrLWRmo%2BUNaZYgN%2F1NgM4LgvOAJ6Euy6vlJMijPHUHkrMNpjmle1m6RT7PeGLdJOalxD7avNix6NldznR4EhPC6BI08fc6TT2xWkbDrUFJ2hBG8QaB8WVzn&nvMid=26964351522&catId=50000151
LG전자 울트라PC 15UD40N-GX56K,"675,750원",4.8,1395,https://cr.shopping.naver.com/adcr.nhn?x=0YgnJ08PndRrvD%2F6G5oYfP%2F%2F%2Fw%3D%3DsmzSq6ydtuebBeBTR06O0M6p9oI8sOP%2BnkLRT%2BVeFYCKOBZmxznIgryTKD5b6cdHNmC%2Bhr%2FkOgpgy3tjSeHQmsCgJT2AeLvqvLHbO1qZ9xHq2llOBjfUJgH3up06EHaAiFMrTQC0sUFLt7%2Bu%2FTbc%2FFLngnxQ7ssMZd09T0OjyjIxMPGz1JmJV9nbGFZNMXIjZmoErFgoUNVWVU8g3%2FaOeS0CEGV2yT9hxwZwHyQShWIhHtyfaT31ynCnvDrP901aBstQ1DpGlykx5BcHg8lNxiYZnlrSZr8PDPdBCvs8uWtclXTdy6Sn%2F2yromYu89VyUYvLi5XLIWfjgObwPywPsqZa%2FYgLlZ%2FWSjQ5YE2d4lfanmgaomyAUJUXRpYIx4sojSjkqMuj%2FXdltW1WZ%2B4XXAFnKagDhk1Cg5do%2FRTr2KvKsbqNzC2WT2iWvIuKzZbvjyeDknKZjVNkLrg%2BNy45BZaWX4OkdQnUc0HiX%2FEfB6sAf5t9KV1nrUjTfQ2FgkypE0gB50wWCcXzgZt20O46Ov%2BBlOhviAGSe2n%2BmExYNv5MmhKmsiJQVQJYdR%2BKT9jM5LUUHDvjiKEQFuS65ZerNqkHQIiXcF4qwUXZ2sX76wW8%3D&nvMid=23985697522&catId=50000151
삼성전자 노트북 플러스2 NT550XDZ-AD1A,"479,000원",4.8,4397,https://cr.shopping.naver.com/adcr.nhn?x=KSc7imQ0YwHD2x1mUdhev%2F%2F%2F%2Fw%3D%3Ds17uUamBesbkTEcTiNpnUx0ziQtKWHRgIhH6Ws40ND6L2JuB1xbdLlYSG9uR1HG3pbGyX2hDvq98ocr4Lv7yy4XTVnpTraTaHjGp2N4Q8wiD%2FaBlssLryUHlT2IgBfNQJAmIDNXvXSR99vtNyot58%2Bt9%2BKy%2Fm0d%2BgYWHtEf61Jo5CNclKwvLyA%2Fys%2F%2FHPPajLGj8HyZULD1oUVZ0LIW8tbSKAIbpwv%2BC6ot980PsBr8Pac1A9eX%2F2kC2ux9IFZyvD21FxD3tUtUAa4gpRS5aIZaLj%2BvSXPWhKT0BbyrMWxS%2Bk6v2w9jBqMGR4TTsgYaQnlII%2ByYYqWVu3SSXxcjEJdKoF%2FmlVYnAbwENUryxSkRxqLzcRVswO%2FNXTrA15l4GN%2FI5Wy4%2B4iMbCDSP2g27rReLt%2BXl1K2cVWZc0WLUsSvucPfwzF9ktWcxdrcTtO8KUGfl%2BdP1v5tkKCRtnqZn2ZFFWn6QnTWBVW3LEcnVG0EjtjNuHrqMGTBt%2FR1yo3Nx%2Fcqxk5aVTbof8Bm5eqpeSdGJxyHBE3CYnzhPLG%2BOCDMV8RGpnp4PxiKjM87rBdOZiKDmbtIiConbhbpCt%2BsAcQ%2BR79U%2F6Az3gE9mQ%2Flgn57E%3D&nvMid=25313173522&catId=50000151
삼성전자 갤럭시북 S NT767XCM-K38,"798,000원",4.8,2048,https://cr.shopping.naver.com/adcr.nhn?x=ci9XZ6NO6PbF0riNqJuY2v%2F%2F%2Fw%3D%3Ds4P%2B2Hhi7heX0ZxZnsl2LrbG8LtNN0r1BAK5wltPioX8XtKWU5l2RZhzweonlysWawB2lj5K%2ByA9v9GovzEwyFXuo9tC3S8LBQak5zGnet10IURRuqRGxfuuiGDo%2FNqUFRX9iv%2FcScftz0zx1u1M6mMv%2BjB2erv%2BZ%2Brrs5VHOiTQgGE7%2BZatKjf5hEf1XctkKMr5%2Fz5DKq%2F5Uh5j5dk57sNjMLMF37IGTcafAkl8SUA3k947s3coLwGJFg%2F6MlyZpOWxMoPSAiq8H%2Bzj3XZG9aWMjnQdnL9wtXZ1LI9BLQeEQhkkHXK4%2FmSRy5icYE%2F27ZC%2BSXUxwyLUckntucAABtRaYMXcisGBiuYbrA4rBWq46JIeyjRJJG8AQSjlBThBKTb3VFw%2B%2FGupDD951eGvKCEZzL3ALDGyfZ49O7WCXNIsiNvEAyH7XT6ObGe95mRdUdDri0NjmyEnT4%2F801tGOn%2FI0fIFRfBZUPaSLRPGc3PL4Ldi4N%2BbxHe%2B9iMwyVYD%2Fw3Ke%2BdcIgjdsfhvTeYhcsPoLRdeTzJJo5DQ5ovPMjEXIhvPwD%2B98e67ue4W6wWddKlFNBYkD96lDR%2FZP5NkZ%2FMtVYavx%2B%2B8fWZa9SBc8rqM%3D&nvMid=23878612522&catId=50000151
삼성전자 갤럭시북 프로 NT950XDY-A38A,"1,089,000원",4.9,1021,https://cr.shopping.naver.com/adcr.nhn?x=kqphSN0fvUIc90do5dbZ3f%2F%2F%2Fw%3D%3DsbA1SXRXNrimFoE%2BDwaczU9Gca3U7BOa%2F69ZLwnpQzMb2m%2FfFa014Vbw4CyFgdKsaKi%2FGTc8TBgeqY1Op7VX0SDI9BiBN%2BMjY2n6IYmw3r0nE5G%2FfZh5VYjKEyzubS3UD2CMy8USEI%2Bv4H3TvkVWR91Vd6Z%2BmZ5fvTALbBBPmfKLguQXqc0tNBo5vCJmBaBuv6DEKR66Eipi3kMANzuLDIRtDwm%2BqtcL%2F%2BsHW7V7DzFKMN8Qi7WHFYrXkuB4dpGrQAcVQjyiMUhaQkY9N2D%2FojwOYo6k1Oo50TUU4fpFFbAIHs%2F2PHkpmvWjL2qy1nHubAuMK5IzMr639AYf1OnsRlLfB3ml%2BQGPCez7TOqIagV1KjRp2D9pkBhcJdqPQCXkTmJZGnpt0wsO17USXaBqkO6FNiFtfRuw5KT26iBH9ucsLSv5SYzis5SVdiBAX6a8RxHyBng%2FHGggH8cywftc2CFxnymBMau7huBRiFGHDzbFKOFLdfdGhjaROZWp0BC7tH3p%2FkkS0ECx0rvDizoPWK7%2BGBoyQkiFtSLwcV09cBvfnp9mk25rKBZncXxoUSqX%2BxLRagrQf9JvEvZdBO5pTTIVsN%2FiAcjmtIwlTUFZwg6A%3D&nvMid=26964547522&catId=50000151
디클 클릭북 D14,"294,700원",4.6,6776,https://cr.shopping.naver.com/adcr.nhn?x=g8UpEG6sVGlZzS17L3hPJ%2F%2F%2F%2Fw%3D%3DsgySnyBN0AfnH15MWVIxLfwgMX8Y7U2slHJTpzBLeyWwXtKWU5l2RZhzweonlysWafbsPj8dnAzeH9GAnjf%2FaCxRQAbvlLZD1zehugFW0XgYCBmRLPqYTaezgU8IdoFQwSvQNq%2FLS6onHg6EJXtDuTcv%2BjB2erv%2BZ%2Brrs5VHOiTQgGE7%2BZatKjf5hEf1XctkKNupaZJS3BzOFlki1HAmhEtjMLMF37IGTcafAkl8SUA3k947s3coLwGJFg%2F6MlyZpOWxMoPSAiq8H%2Bzj3XZG9aWMjnQdnL9wtXZ1LI9BLQeEQhkkHXK4%2FmSRy5icYE%2F27ZC%2BSXUxwyLUckntucAABtTK8FiICOf2qcNlid0xbdwk6JIeyjRJJG8AQSjlBThBKbdPEnyxFZt9%2FFvYjFuUN%2F48Vg0Qyt0IUEkMVx6J9m90iNvEAyH7XT6ObGe95mRdUFH%2B5p3Ql35r3Fm14yWGlNaOuInwfQ1XmfH35WvRpRXY%2F1bjWP5HRbAk889u643SGagU5BbDX%2BBG%2FNp4hcwKX2Y6%2F74bs%2FzNmznhIO5N5zjXmE5Upmhmeyj3UzupTxRIhBW8KuiGiSyecfsdYFvlQzGhopkeKUdu5q4dSKA0zkoA%3D&nvMid=18465302648&catId=50000151
삼성전자 삼성 NT350XCR-AD5WA,"697,970원",4.8,7390,https://cr.shopping.naver.com/adcr.nhn?x=wXC16ocr%2BImyZu1SQGtT6f%2F%2F%2Fw%3D%3Ds54IGjjnVFkv8FXUumEyqXLMo7RnXsEr9tF%2B1W4I4Uxv2m%2FfFa014Vbw4CyFgdKsa5QaYLc2ruVHDHQ0eV1%2FudbLvzh%2BRUybD%2BO%2BQjlF5QC%2FK%2FOkwGXDcOLCZmQolXPtQxpAHxYZqt0hTlgKGKKsn1FVd6Z%2BmZ5fvTALbBBPmfKL%2BHMhXfuiFC4uELuwCB7ZjGo3RmBIRjMHutB6oXfbhJBtDwm%2BqtcL%2F%2BsHW7V7DzFKMN8Qi7WHFYrXkuB4dpGrQAcVQjyiMUhaQkY9N2D%2FojwOYo6k1Oo50TUU4fpFFbAIHs%2F2PHkpmvWjL2qy1nHubCbN%2FXD1Atq%2FM2iEMKEnRwL%2FdQAxDoG6D8HL%2BTAPzDxxKjRp2D9pkBhcJdqPQCXkTUkxlpYvEv0B7mBAjaSx6NGy2zi6ogKkW7k%2FeSGN1EpILSv5SYzis5SVdiBAX6a8RQ3qLZQ02EQLc6LGIBOzowrsD%2FS9I%2B2LxwdjijZ9qy3BhI4PCgVlbaYy3pceXI%2FTCUAv1PiA1qhxURi6E3yUgGjqkq1x279FtEEvN6NfxVcb1%2FShi%2BXGFucY%2Fow1l2XlUzaFN%2BjMzATguFkng1wnHm4VsN%2FiAcjmtIwlTUFZwg6A%3D&nvMid=23487605490&catId=50000151
삼성전자 갤럭시북 S NT767XCL-KLTE,"959,000원",4.8,2066,https://cr.shopping.naver.com/adcr.nhn?x=i2gGm3tPY3QbtNkAUNPa7P%2F%2F%2Fw%3D%3DsZS8t0H%2FoVqjLzz7%2Bi0DmFuB8hb7WuyCtP65tASUtN2OOBZmxznIgryTKD5b6cdHNB%2FGj2nGAECeBscUcvB91gzIvk59OSBvgqgXA6%2B1xX0MelVNgCYVlfnh%2FE0dMEwYXp3QZG4sXEMz5%2BoxDDT0JD7ngnxQ7ssMZd09T0OjyjIxT%2FPiniYsVLKJqnef5FjNUrrpUXRfk6VmiZ%2BC1%2F7zAA0CEGV2yT9hxwZwHyQShWIhHtyfaT31ynCnvDrP901aBstQ1DpGlykx5BcHg8lNxiYZnlrSZr8PDPdBCvs8uWtclXTdy6Sn%2F2yromYu89VyUaahG89HMXmVE4gF7fpiswbCu4nOiDT6Xdv1NFSO2zJynmgaomyAUJUXRpYIx4sojTDltsb%2FQ34wPZEHJuMhcoCwa9tqCXVxxJUNNCRNEJVIwEXgCjpJ6rsSazm7A47YwhE7BVRMSuxhxz%2BRFDPnnpaWX4OkdQnUc0HiX%2FEfB6sBXiEgqeW64XbmxJ6%2BQrPrWw2popvk5HxytjbrmvguYxNTWhYDiwpLhQBfAiFQ7yR36Z%2FSe7d0oopGFupzxE5tuJ%2FTv8P3prVCnYpBYOyA2AUHQIiXcF4qwUXZ2sX76wW8%3D&nvMid=23309894491&catId=50000151
LG전자 그램16 16ZD90P-GX56K,"1,578,340원",4.9,1003,https://cr.shopping.naver.com/adcr.nhn?x=bLSGqWBegcnOR8dqveg3vf%2F%2F%2Fw%3D%3DsUU2ItoGvc1FFy%2F%2FBqcfsIK84zaOVL731oVc0%2BgsaOLf2m%2FfFa014Vbw4CyFgdKsaLaBYmTeqpgV%2FisVYlMoxyLLvzh%2BRUybD%2BO%2BQjlF5QC%2FK%2FOkwGXDcOLCZmQolXPtQxpAHxYZqt0hTlgKGKKsn1FVd6Z%2BmZ5fvTALbBBPmfKIM%2F%2BlQk6a1HFUK42nfWkyd%2FZhAfKJYh1ZUzVk9OfcsIRtDwm%2BqtcL%2F%2BsHW7V7DzFKMN8Qi7WHFYrXkuB4dpGrQAcVQjyiMUhaQkY9N2D%2FojwOYo6k1Oo50TUU4fpFFbAIHs%2F2PHkpmvWjL2qy1nHubd71rBPGnDFwIkw%2BilL093Rq7hLmk%2F1u7oq8i%2F6R8sgVKjRp2D9pkBhcJdqPQCXkThmT%2Bald4OS9IQQmxM%2B2yEf4xmC%2FP5VPD21MUc8U8F4oLSv5SYzis5SVdiBAX6a8R5n7xd0gRmi%2FFW4OKu4f2dVxnymBMau7huBRiFGHDzbHpd2Wc6f8fSBXLDJiMXMa7GYmW8LN0A88uGp%2B0noYVYDqkq1x279FtEEvN6NfxVcay0lpZt85lbq3l4Ii0K4SyGx4k25GlAw1m1shjIUet%2FIVsN%2FiAcjmtIwlTUFZwg6A%3D&nvMid=25833665522&catId=50000151
LG전자 울트라PC 14U390-ME1TK,"371,000원",4.7,948,https://cr.shopping.naver.com/adcr.nhn?x=gjEK1kltWlVBD1BP2h79Jf%2F%2F%2Fw%3D%3Dsi9WPisv4gWULhGryvdnSehW0ZrPfxVQInevPlF1pgrD2m%2FfFa014Vbw4CyFgdKsaQOloCZMKJTrMadgZ6gZ7hbLvzh%2BRUybD%2BO%2BQjlF5QC%2FK%2FOkwGXDcOLCZmQolXPtQxpAHxYZqt0hTlgKGKKsn1FVd6Z%2BmZ5fvTALbBBPmfKL%2BHMhXfuiFC4uELuwCB7ZjLklolPRZIGNZrlBl2WtEHxtDwm%2BqtcL%2F%2BsHW7V7DzFKMN8Qi7WHFYrXkuB4dpGrQAcVQjyiMUhaQkY9N2D%2FojwOYo6k1Oo50TUU4fpFFbAIHs%2F2PHkpmvWjL2qy1nHubzjkZLl5dRYYRHZYnumVhBT6ShW6i%2FrESnGZY7HTdAb5KjRp2D9pkBhcJdqPQCXkTZR4%2Fqi9iesyZn5OfGExn3%2F%2FkKqOkXSBbsZ4b3D3pzbILSv5SYzis5SVdiBAX6a8R0sTDQlm495ssoTqdSrlur10e0%2F7oUtw182DVYHDHcyW7%2FX4M2e1b%2FgJW2qdzT2U02IMjOhaxaRZiJ4hNYLy2WlZbL7CY%2BoIpdc5aT1Dld7ZsagipTwACf9UX7BEo2M5%2BeZiHL0I8xhgoV6R9aRyM54KoDr6us%2BRKRCOTdsWr9TI%3D&nvMid=23642473490&catId=50000151
삼성전자 갤럭시북 프로 NT950XDB-K71A,"1,680,340원",4.9,990,https://cr.shopping.naver.com/adcr.nhn?x=hzBM7GezIMto5FQ2v9Bgx%2F%2F%2F%2Fw%3D%3DsLG8vj6IzpnB1ksMBozWoOJVCAd2cM1i%2BTf%2F0%2Fd4dNVUXtKWU5l2RZhzweonlysWahdzbZiCJa1DSlYephwXr7xRQAbvlLZD1zehugFW0XgYCBmRLPqYTaezgU8IdoFQwSvQNq%2FLS6onHg6EJXtDuTcv%2BjB2erv%2BZ%2Brrs5VHOiTQgGE7%2BZatKjf5hEf1XctkK1ac2DOZ8rQPebhxR6sJxgdjMLMF37IGTcafAkl8SUA3k947s3coLwGJFg%2F6MlyZpOWxMoPSAiq8H%2Bzj3XZG9aWMjnQdnL9wtXZ1LI9BLQeEQhkkHXK4%2FmSRy5icYE%2F27%2FhDyiXZ86Jo%2BZEQ64BV62ZQPQQ9Gi1oX9CbPVW67Yjo6JIeyjRJJG8AQSjlBThBKoeF%2BSdXE94PDcyCQLvQkhccNt5d7rFvfwpJofdPjaXoiNvEAyH7XT6ObGe95mRdUDzacPlX2H9zcTwpFIsHDYKOuInwfQ1XmfH35WvRpRXaPAvlKRs7%2FDADjGQ2aX7Q6vw45TcOvqLadFSSbwta8ABLPHBVE1X9hF6ZkrnPWwISBuAlBN%2FX45eWRY88NQDNBBW8KuiGiSyecfsdYFvlQzGhopkeKUdu5q4dSKA0zkoA%3D&nvMid=26964197522&catId=50000151
삼성전자 노트북 플러스2 NT550XDA-K14AG,"514,800원",4.8,807,https://cr.shopping.naver.com/adcr.nhn?x=9%2BUakM%2FoJFa8QTDhUepd1f%2F%2F%2Fw%3D%3DsUnHU7IiQs82brYU00Gr9XLe7c0gcwJlZe0x3JW8vxlQXtKWU5l2RZhzweonlysWatd3nfqOWccoL1a3I9yY7mxRQAbvlLZD1zehugFW0XgYCBmRLPqYTaezgU8IdoFQwSvQNq%2FLS6onHg6EJXtDuTcv%2BjB2erv%2BZ%2Brrs5VHOiTQgGE7%2BZatKjf5hEf1XctkKgTljczHikZy0NHFjYQgkFtjMLMF37IGTcafAkl8SUA3k947s3coLwGJFg%2F6MlyZpOWxMoPSAiq8H%2Bzj3XZG9aWMjnQdnL9wtXZ1LI9BLQeEQhkkHXK4%2FmSRy5icYE%2F27ZC%2BSXUxwyLUckntucAABtSgIoikPvECRTlCaTyeBMeQ6JIeyjRJJG8AQSjlBThBKUHBl9PMA0QFC9R6ZRgedPHuS%2BVGK1k6lCMaiUPw6niQiNvEAyH7XT6ObGe95mRdUKcFNesfm2JIKYMldNDnLHNoz8ApGaVOMwbTaH%2F44P%2FN6NVz4uUDCbyaiutnZzl3F%2BILkW3jqmFRHL1tzLplyRBLPHBVE1X9hF6ZkrnPWwITp0%2BLFdgKSLk2NUSBLlxpaILy%2FSF1oom6czNu54pGx982OqH9l6YII5ugOGfB4CYY%3D&nvMid=26529037522&catId=50000151
삼성전자 갤럭시북 이온2 NT930XDZ-A58AW,"1,347,990원",4.8,765,https://cr.shopping.naver.com/adcr.nhn?x=oHMF9WtUkfbbbOKe3x59pv%2F%2F%2Fw%3D%3DsEEZCYDpjkmaCvd0WbEDLkk44YBxeZoyVLQFGHpAetAUXtKWU5l2RZhzweonlysWaZ049HvoKQQIMPdpA0vFxQRRQAbvlLZD1zehugFW0XgYCBmRLPqYTaezgU8IdoFQwSvQNq%2FLS6onHg6EJXtDuTcv%2BjB2erv%2BZ%2Brrs5VHOiTQgGE7%2BZatKjf5hEf1XctkKokznXSG6tk3vXGeFWpsPDtjMLMF37IGTcafAkl8SUA3k947s3coLwGJFg%2F6MlyZpOWxMoPSAiq8H%2Bzj3XZG9aWMjnQdnL9wtXZ1LI9BLQeEQhkkHXK4%2FmSRy5icYE%2F27ZC%2BSXUxwyLUckntucAABtbiYc6mWzpv86hLoQAOMWVU6JIeyjRJJG8AQSjlBThBK0RPc4B7XtQqPLV2ttJBISyLduuuk8DqI%2FlLk6O52gikiNvEAyH7XT6ObGe95mRdUrxcK6%2FR%2BUrqw7X9wcPyAKdoiAmNwzw%2FscbWY0t0xNl%2FCY1CHrUvLlzT2ncDg0Zy4Lu4WrJvQmlus1gQEMHsWnhGk4XMJtozo5T3u6g%2BJ%2BOsy%2Fmdua23Cjd5%2Fl9Npu5bQ4dw2H90yzm7iVhtQ6mfYlMcgIRCk8vtGb7Z%2FKGMSEdE%3D&nvMid=25311637523&catId=50000151
삼성전자 노트북 플러스2 NT550XDA-K78A,"1,189,000원",4.8,1389,https://cr.shopping.naver.com/adcr.nhn?x=iAqfWs9ShLkAMIIYEbAq8f%2F%2F%2Fw%3D%3DsoUBi5OAJGksJPGTXFe9W1jay8s8AZYmWRZ6urSgHVjkXtKWU5l2RZhzweonlysWad5z6skm5eC75wzgPclX3wRRQAbvlLZD1zehugFW0XgYCBmRLPqYTaezgU8IdoFQwSvQNq%2FLS6onHg6EJXtDuTcv%2BjB2erv%2BZ%2Brrs5VHOiTQgGE7%2BZatKjf5hEf1XctkKF0TDT8jtg%2BapbpGQb5NpUtjMLMF37IGTcafAkl8SUA3k947s3coLwGJFg%2F6MlyZpOWxMoPSAiq8H%2Bzj3XZG9aWMjnQdnL9wtXZ1LI9BLQeEQhkkHXK4%2FmSRy5icYE%2F27BW36r4QZshREfg%2B3vq7RNo9mF7RnGmITiES%2B%2FnIyv4c6JIeyjRJJG8AQSjlBThBK%2BoJ3mgtNpDOmWghcv7gYHxlrv1otDGaAdy7VD7elYZQiNvEAyH7XT6ObGe95mRdUt%2FYKfZNBT%2BQ6DLQy%2FTaj6aOuInwfQ1XmfH35WvRpRXaX3nU74apZBDZmGzHQkrEh0r6OucbutagMLPQlD70vkhLPHBVE1X9hF6ZkrnPWwIRwuLLIio%2BOOwqEMDBV%2BGg7lTMwadFhNyUAPlZswHhg%2B82OqH9l6YII5ugOGfB4CYY%3D&nvMid=25403427522&catId=50000151
삼성전자 갤럭시북 플렉스2 NT950QDA-X71AZ,"2,161,050원",4.8,3206,https://cr.shopping.naver.com/adcr.nhn?x=WBYlV898O7J1DG0bg3wtjv%2F%2F%2Fw%3D%3DswioaLOskCobhz3QJnaXjKwZnD0RyLbDvXpfK4tChKdoXtKWU5l2RZhzweonlysWae78YkwDge22%2F2J1zDwtZFBRQAbvlLZD1zehugFW0XgYCBmRLPqYTaezgU8IdoFQwSvQNq%2FLS6onHg6EJXtDuTcv%2BjB2erv%2BZ%2Brrs5VHOiTQgGE7%2BZatKjf5hEf1XctkKkvWgSNHROcW%2BABJsyZMk6NjMLMF37IGTcafAkl8SUA3k947s3coLwGJFg%2F6MlyZpOWxMoPSAiq8H%2Bzj3XZG9aWMjnQdnL9wtXZ1LI9BLQeEQhkkHXK4%2FmSRy5icYE%2F27ZC%2BSXUxwyLUckntucAABteO6%2FLiB12xdg%2FOsaTUdlS06JIeyjRJJG8AQSjlBThBK0RPc4B7XtQqPLV2ttJBIS4HrlaoN%2FcXajBHiOBnh%2FfMiNvEAyH7XT6ObGe95mRdUeoHY9EhToGqozdSIuky4%2Fcmuo7rIVT09C365It5Ti%2FBdeGpAES8g6CvyChtlqve%2Bj8vAC6XmkBV6z5yQHqUL5RGk4XMJtozo5T3u6g%2BJ%2BOtEbvOkyqrcqrEvytgehhBVkUp7aHn0Lkgb%2BA3BW6ZuFMcgIRCk8vtGb7Z%2FKGMSEdE%3D&nvMid=25308665522&catId=50000151
베이직스 베이직북14 2세대,"368,000원",4.7,782,https://cr.shopping.naver.com/adcr.nhn?x=xmwGVCfVRPlyAi32MdWIt%2F%2F%2F%2Fw%3D%3DsW9l%2B0QNwckbopXKTG3VLHnezEVJL9ucHxHO5369Q7mn2JuB1xbdLlYSG9uR1HG3pQJ57DpMxFrgAOi%2Fv8tC5MJC1hC%2B0w1K%2BN1lf%2FrfKdXYHyCvrL8CsVWf1wtAzaLi%2BeJNUrYGTsVxDnK8CTGk6bd9%2BKy%2Fm0d%2BgYWHtEf61Jo5CNclKwvLyA%2Fys%2F%2FHPPajLPIUg%2FR11noRo6xoWz4QLXiKAIbpwv%2BC6ot980PsBr8Pac1A9eX%2F2kC2ux9IFZyvD21FxD3tUtUAa4gpRS5aIZaLj%2BvSXPWhKT0BbyrMWxS%2Bk6v2w9jBqMGR4TTsgYaQnlII%2ByYYqWVu3SSXxcjEJdO8h9iD7iqfSVqwOOk2bd4dqLzcRVswO%2FNXTrA15l4GN%2FI5Wy4%2B4iMbCDSP2g27rRULcEZDs40sbfUUfigUA89GcPfwzF9ktWcxdrcTtO8KUUyDC%2BEnmVtLlGHJCKFrl%2B2O5WtyQVUE8d7ifvM52%2BFddHtP%2B6FLcNfNg1WBwx3MlL2EMSa2S9YA1jZS5wvf3c7TDoxJpjdF01CNep3iIHfWGTc7tJvkxvX3%2FqPM3oZyI3mY2TchilfZTvxXzKW4Od2UnQ%2FNLb1Vqzvbbix1uwquCqA6%2BrrPkSkQjk3bFq%2FUy&nvMid=24887819523&catId=50000151
삼성전자 갤럭시북 프로360 NT930QDB-K71A,"1,949,000원",4.9,1155,https://cr.shopping.naver.com/adcr.nhn?x=WSaMGG%2FgzkRs0vfLbn8ZZf%2F%2F%2Fw%3D%3DsVXEron3tT0pkutG4Kvuu556xdLqlUESE3soD%2BxIjc7EXtKWU5l2RZhzweonlysWa1JczovgqPQ9rSsdGAuFAXBRQAbvlLZD1zehugFW0XgYCBmRLPqYTaezgU8IdoFQwSvQNq%2FLS6onHg6EJXtDuTcv%2BjB2erv%2BZ%2Brrs5VHOiTQgGE7%2BZatKjf5hEf1XctkKmXrIaCvKDo8EoQst1nwn5djMLMF37IGTcafAkl8SUA3k947s3coLwGJFg%2F6MlyZpOWxMoPSAiq8H%2Bzj3XZG9aWMjnQdnL9wtXZ1LI9BLQeEQhkkHXK4%2FmSRy5icYE%2F27ZC%2BSXUxwyLUckntucAABtZhlqqBiF%2FFSILwhThr7Xm86JIeyjRJJG8AQSjlBThBKoeF%2BSdXE94PDcyCQLvQkhbVyHfInIGk%2FCV6lTlDQFikiNvEAyH7XT6ObGe95mRdUP9La%2Byxa0IlCn0NHfpsccKOuInwfQ1XmfH35WvRpRXbo2uG%2BkIZSoRIhKK9oUrLxGwZTCwK1rn28tBEcKx3X9RLPHBVE1X9hF6ZkrnPWwIRt9uqOcoOTWAZbBJKUaua0iGg67OJcwQFZZH%2BGTpb06s2OqH9l6YII5ugOGfB4CYY%3D&nvMid=26962562522&catId=50000151
에이서 아스파이어5 A515-45 테라4,"601,300원",4.8,644,https://cr.shopping.naver.com/adcr.nhn?x=btG%2F6PvDNEOAYoZkYDR%2F1f%2F%2F%2Fw%3D%3DswTqf8R5RzXyi7JRCKs8dKWAsPfm9dqV1s0f3%2Bz3F1CYXtKWU5l2RZhzweonlysWaQbLxuOZ%2BaQO1ufWJjBawqBRQAbvlLZD1zehugFW0XgYCBmRLPqYTaezgU8IdoFQwSvQNq%2FLS6onHg6EJXtDuTcv%2BjB2erv%2BZ%2Brrs5VHOiTQgGE7%2BZatKjf5hEf1XctkKpNStRA8FzpUOQCRtOrgX4djMLMF37IGTcafAkl8SUA3k947s3coLwGJFg%2F6MlyZpOWxMoPSAiq8H%2Bzj3XZG9aWMjnQdnL9wtXZ1LI9BLQeEQhkkHXK4%2FmSRy5icYE%2F27BW36r4QZshREfg%2B3vq7RNouj9%2B7spGq%2BSLieK5MwPZ86JIeyjRJJG8AQSjlBThBKkRS%2FH93fcpsFFHD0tERq%2FEjNa%2F%2FCkEd%2FwXQP0NpZOSMiNvEAyH7XT6ObGe95mRdUbzafR0c%2BbgWtj%2BKcJhXCAKt%2F8imnp7Nqf7ZTu%2FYZ06q%2Bfg5cQJgyzrWUwf5E1oTIj3zNCQORuObYHSM1BSfCUO7KVTr%2FZ5JMlvZlH5oRta5icchwRNwmJ84TyxvjggzFME7iOaZOdH45OL5cZraJUbQFSDss52CUVmkSCge5F7rke%2FVP%2BgM94BPZkP5YJ%2Bex&nvMid=26687043527&catId=50000151
레노버 아이디어패드 Slim3-15ARE R5,"549,000원",4.6,1111,https://cr.shopping.naver.com/adcr.nhn?x=FBssCUTuffevoOvB%2BtJ3vP%2F%2F%2Fw%3D%3DsNJwqPsHe2j2xRtbUcOt%2FwXUiTL48xxcXWy8A3j0k3o32JuB1xbdLlYSG9uR1HG3pO9s436Oh61RppoR7cyxzSZC1hC%2B0w1K%2BN1lf%2FrfKdXYHyCvrL8CsVWf1wtAzaLi%2BeJNUrYGTsVxDnK8CTGk6bd9%2BKy%2Fm0d%2BgYWHtEf61Jo5CNclKwvLyA%2Fys%2F%2FHPPajL2QkfF7iqWeQUXV1TSxUbYCKAIbpwv%2BC6ot980PsBr8Pac1A9eX%2F2kC2ux9IFZyvD21FxD3tUtUAa4gpRS5aIZaLj%2BvSXPWhKT0BbyrMWxS%2Bk6v2w9jBqMGR4TTsgYaQnlII%2ByYYqWVu3SSXxcjEJdALspkWDzDO21p2REjGDWd9qLzcRVswO%2FNXTrA15l4GN%2FI5Wy4%2B4iMbCDSP2g27rRaMUgYnfXIBOX1zL82ZFAsecPfwzF9ktWcxdrcTtO8KUi8qwnZz%2BBC53CCjuQf0VT40nRp6cFWqrHK7iuziQ0bEsP%2F7EJLQsAtUwbX9vcMnqmXizGj1lxIOdE773I6m%2BqogN%2F1NgM4LgvOAJ6Euy6vnbszbsR74d9WSv9mh8WwddxHY5qJOuH4LkzIY%2Fw5AVK1dznR4EhPC6BI08fc6TT2xWkbDrUFJ2hBG8QaB8WVzn&nvMid=23096611490&catId=50000151
HP Laptop 15S-EQ1151AU,"524,930원",4.7,829,https://cr.shopping.naver.com/adcr.nhn?x=srS34DntZl4ErNtgiWMCw%2F%2F%2F%2Fw%3D%3Dshqrc4Ya%2BKwJ4xacD3mmAiLqFErEyQL%2BKsCCHKhChRHD2JuB1xbdLlYSG9uR1HG3pLE%2Foe1Sn%2FflT0a6j6U0ri8Gjit%2BFUQt9rvqKK7LUPooB0Ajfkwqlc7EQrWOjn6%2B3YydzPgDv%2B0Y3L%2BtpGRT4%2BN9%2BKy%2Fm0d%2BgYWHtEf61Jo5CNclKwvLyA%2Fys%2F%2FHPPajLtfzIfMqhQKXCjMLfspAiriKAIbpwv%2BC6ot980PsBr8Pac1A9eX%2F2kC2ux9IFZyvD21FxD3tUtUAa4gpRS5aIZaLj%2BvSXPWhKT0BbyrMWxS%2Bk6v2w9jBqMGR4TTsgYaQnlII%2ByYYqWVu3SSXxcjEJdJns4mBUe6kdg7YuQMjazVNqLzcRVswO%2FNXTrA15l4GN%2FI5Wy4%2B4iMbCDSP2g27rRYJpei7ORQv%2BrDZqQJHyjeycPfwzF9ktWcxdrcTtO8KUELTZIKFjS6alSyKzlVbvdhrHAm8%2B0Q8T1%2FMQ71%2BzrD1Td5Jqc4%2FByqWCbLfJLmW%2BY3fy5AyOJ%2FzdDr4DbSl9oAxmxPMXKGsGB9Bxn6fS2YzEvgKCIFLvlxFibiZ4F6IIruNng5AkrHVkGZepn0MU6TbODbrakV4sZhPsBF9FCK0GruH08DlKshetxY8KUEZb&nvMid=26013096522&catId=50000151
LG전자 울트라PC 15UD40N-GX36K,"588,690원",4.8,1523,https://cr.shopping.naver.com/adcr.nhn?x=x9sydSopkl3TLU5WROZTTP%2F%2F%2Fw%3D%3Ds9YYZOeIc9VMxPBFTV52R6maZ2QlnSwK06xOyh67SD5kXtKWU5l2RZhzweonlysWa5%2Fip%2FocPPGi0XXIrdjkwdt1cI90EpXSWPvy4jiJYgfIbErXVWyuK3V0gUYKMy4eGp3z1YYcswVCz0ouqPVzMBMv%2BjB2erv%2BZ%2Brrs5VHOiTQgGE7%2BZatKjf5hEf1XctkKro1NX1sqvJlnFHKOU%2BY9K9jMLMF37IGTcafAkl8SUA3k947s3coLwGJFg%2F6MlyZpOWxMoPSAiq8H%2Bzj3XZG9aWMjnQdnL9wtXZ1LI9BLQeEQhkkHXK4%2FmSRy5icYE%2F27ZC%2BSXUxwyLUckntucAABtfq4BEhVSbhuKYW0eQRx%2FM46JIeyjRJJG8AQSjlBThBKxidpYBHpaLyMhbR1CSalvzXE1EJJBemUf62ObKJHH68iNvEAyH7XT6ObGe95mRdUOIt4j87LgpfD7AXnuxN%2BI6OuInwfQ1XmfH35WvRpRXa080c4yBc4j5pge2iW%2BQDYg62p%2BFHayhxex43RFAovbY6%2F74bs%2FzNmznhIO5N5zjVOXUUFpa7RxYEK7GEZbHzYiSYxK2A%2BxCzPwgUa66LJKWhopkeKUdu5q4dSKA0zkoA%3D&nvMid=23706445491&catId=50000151
삼성전자 노트북 플러스2 NT550XDZ-AD5AW,"798,990원",4.8,1192,https://cr.shopping.naver.com/adcr.nhn?x=8HIfnVT%2F6s3%2Bvw40RB5Nbv%2F%2F%2Fw%3D%3DsoREbfHPTk5JAVM1qE%2B0yHOa0TouT0ShgtIa3mlbvU2%2F2JuB1xbdLlYSG9uR1HG3prji2C7Y7YWnYPx3QCU8k08Gjit%2BFUQt9rvqKK7LUPooB0Ajfkwqlc7EQrWOjn6%2B3YydzPgDv%2B0Y3L%2BtpGRT4%2BN9%2BKy%2Fm0d%2BgYWHtEf61Jo5CNclKwvLyA%2Fys%2F%2FHPPajLqVpy78v%2BDrDV%2FwI3rIuOyiKAIbpwv%2BC6ot980PsBr8Pac1A9eX%2F2kC2ux9IFZyvD21FxD3tUtUAa4gpRS5aIZaLj%2BvSXPWhKT0BbyrMWxS%2Bk6v2w9jBqMGR4TTsgYaQnlII%2ByYYqWVu3SSXxcjEJdFIUjYCFGL%2FKNRNK9ZpKWnRqLzcRVswO%2FNXTrA15l4GN%2FI5Wy4%2B4iMbCDSP2g27rRedjJDe6GrlNaiym8Eb66OycPfwzF9ktWcxdrcTtO8KUGfl%2BdP1v5tkKCRtnqZn2ZBO86Lbrjsk3BAWBQtJirFb0CZrHCah8lMDzUifSHt87xXpyyptTcNcfOysPJRD63ogN%2F1NgM4LgvOAJ6Euy6vm0DpHhj5XxlITE%2FugCPCxXvAXbiJCWQ2FD%2FgdmbXRaHFdznR4EhPC6BI08fc6TT2xWkbDrUFJ2hBG8QaB8WVzn&nvMid=25312635522&catId=50000151
MSI GF75 Thin 9SC-i7,"1,257,890원",4.8,689,https://cr.shopping.naver.com/adcr.nhn?x=Kr6yHvH6WwmYG7aD4XOn0f%2F%2F%2Fw%3D%3Dsg3GsBJOw7NNfpmn21LqZ8oofJ4rNSPMTATJ8D7qXvNb2JuB1xbdLlYSG9uR1HG3pdtqEWVaYFPqX%2BCEVr8ItG8Gjit%2BFUQt9rvqKK7LUPooB0Ajfkwqlc7EQrWOjn6%2B3YydzPgDv%2B0Y3L%2BtpGRT4%2BN9%2BKy%2Fm0d%2BgYWHtEf61Jo5CNclKwvLyA%2Fys%2F%2FHPPajL61s8YzBLx%2FPDJS5l4IEvWiKAIbpwv%2BC6ot980PsBr8Pac1A9eX%2F2kC2ux9IFZyvD21FxD3tUtUAa4gpRS5aIZaLj%2BvSXPWhKT0BbyrMWxS%2Bk6v2w9jBqMGR4TTsgYaQnlII%2ByYYqWVu3SSXxcjEJdL%2FcJHbeyyYHBiB2wHcGsUZqLzcRVswO%2FNXTrA15l4GN%2FI5Wy4%2B4iMbCDSP2g27rRXCPsqtJBUNrySRkyc99XkecPfwzF9ktWcxdrcTtO8KUZrVO1wj2xT03Yvt7u9TaAze0LeDgnuBDzjN8xilStjp8OSomzIDOmMpKPi%2FrTI3Q37oJTShfUjtghq44XjfGlE%2FAJcUmJF2ix%2Feizcr9afVx8qazl7%2BureHlYrLgWFVzTmusM21Wr4icbo6po2r8ZcsTe7KMH92wbM0zhTUMbwkNUJgJp6CUXauCvW7Y5AjN&nvMid=18899548682&catId=50000151
삼성전자 갤럭시북 이온2 NT950XDZ-G58AW,"1,528,990원",4.9,973,https://cr.shopping.naver.com/adcr.nhn?x=rcZfvyz3ajYa4j0THHbiLf%2F%2F%2Fw%3D%3DsIYeEwoOatLAgZX0n0kgYmA2F3OuzQmztT22M41x5jST2m%2FfFa014Vbw4CyFgdKsaGF4prZP7miv5n9a831%2Bi6SupEEF1yNLBhvmficiebj2QBj5IouoyAUznChSbsziZ6M5RDEzPaLtOGCGyFiMKxVVd6Z%2BmZ5fvTALbBBPmfKIM%2F%2BlQk6a1HFUK42nfWkydAZOQRHy%2BJLrY2XngJMDk6BtDwm%2BqtcL%2F%2BsHW7V7DzFKMN8Qi7WHFYrXkuB4dpGrQAcVQjyiMUhaQkY9N2D%2FojwOYo6k1Oo50TUU4fpFFbAIHs%2F2PHkpmvWjL2qy1nHubhmttesXRUZcONdVAfIwCeQY1h%2Bmr183QpgzNo41FoepKjRp2D9pkBhcJdqPQCXkT34vr05iZV3K%2BJtx6xNMGFadph1q79yrF6b8YtVueHv0LSv5SYzis5SVdiBAX6a8Re9zyc4Ye3TWU2KMUxgQ8QLsD%2FS9I%2B2LxwdjijZ9qy3AiTdinTI6SISsPkF%2BIjkgRRGgJYMWbCw7GS7aOJkYE%2FrRg3yDJQvDlUsmhZGzvjQgpoIigWQyvmJ7gww2GiSf4BW8KuiGiSyecfsdYFvlQzGhopkeKUdu5q4dSKA0zkoA%3D&nvMid=25308825522&catId=50000151
LG전자 그램17 17Z90P-GA76K,"1,941,890원",4.9,718,https://cr.shopping.naver.com/adcr.nhn?x=2rdojh8kpSk3LAsyuFPo8f%2F%2F%2Fw%3D%3DsxhIhaLlZ2yXq9EqApq8nNL6TeuyIYSQZe%2FEpTPDLSXX2JuB1xbdLlYSG9uR1HG3pLxfzGlrelkTt%2FSF7CBpr68Gjit%2BFUQt9rvqKK7LUPooB0Ajfkwqlc7EQrWOjn6%2B3YydzPgDv%2B0Y3L%2BtpGRT4%2BN9%2BKy%2Fm0d%2BgYWHtEf61Jo5CNclKwvLyA%2Fys%2F%2FHPPajLpxCfCtoeTbDzMfCLGVVTLCKAIbpwv%2BC6ot980PsBr8Pac1A9eX%2F2kC2ux9IFZyvD21FxD3tUtUAa4gpRS5aIZaLj%2BvSXPWhKT0BbyrMWxS%2Bk6v2w9jBqMGR4TTsgYaQnlII%2ByYYqWVu3SSXxcjEJdHrd%2FiMu%2BG47U6vgfT1b4PFqLzcRVswO%2FNXTrA15l4GN%2FI5Wy4%2B4iMbCDSP2g27rRZiYzdf5XfW%2Fuvl18cXTOCScPfwzF9ktWcxdrcTtO8KUUROI4Wq3m8GK7uCjiQwWGpc4WW82bY6VPNLHqSJUAqJEB%2BLjuD%2FxJX4a3hDjmjqXuXGbu0ktNr%2B6voLK5q8ARgaGaQ%2BcWBopE7byFiGJW0INauEcRynSn%2F8orOK7nc90erEa29btfy%2BkKOPLWodK0Wh%2FAnGsNjpCEac%2BaesGCZEDfkLIyuldBS3f8m8e6nLmzUhNzs2VE%2B%2Bisqs3JAEppg%3D%3D&nvMid=25255950522&catId=50000151
주연테크 캐리북T 프로 J3GP Pro,"439,000원",4.7,1057,https://cr.shopping.naver.com/adcr.nhn?x=ASguKv%2BkKo6jqwZklcnXU%2F%2F%2F%2Fw%3D%3Ds2t0hpT471ql2RbQ6SPfrtT5%2BpGQ06%2BG2IUsJiSNl90wXtKWU5l2RZhzweonlysWah3t7%2FFThsZw%2BP1qi3hBjJN1cI90EpXSWPvy4jiJYgfIbErXVWyuK3V0gUYKMy4eGp3z1YYcswVCz0ouqPVzMBMv%2BjB2erv%2BZ%2Brrs5VHOiTQgGE7%2BZatKjf5hEf1XctkKFnBlxe2FSfPWsqBvYkhVr9jMLMF37IGTcafAkl8SUA3k947s3coLwGJFg%2F6MlyZpOWxMoPSAiq8H%2Bzj3XZG9aWMjnQdnL9wtXZ1LI9BLQeEQhkkHXK4%2FmSRy5icYE%2F27BW36r4QZshREfg%2B3vq7RNjQ1O7d6PlJDijZWHAQ48cw6JIeyjRJJG8AQSjlBThBKesUmy97ABMvyn1pw%2FntLAUKdQ81Z8N2xUO%2FAwPBPBUMiNvEAyH7XT6ObGe95mRdUQhVBRlvqac7dRYiFXqU5AOwuafe4e1ubeDbf1RTXFaFcZ8pgTGru4bgUYhRhw82xRJtE9w8XtSBczd%2FiCCt%2FIiGrrd4WDatebOf4IJMYLRSks2PYoHgKp%2B0HoX3f0cr03zB6PapzdoGXM08fBULxlid9hKOn2LQ7iXKjDaRxEdaFbDf4gHI5rSMJU1BWcIOg&nvMid=23107275490&catId=50000151
디클 클릭북 D11 plus,"288,840원",4.5,1647,https://cr.shopping.naver.com/adcr.nhn?x=Dl7KfIGkMrveCy8YN244L%2F%2F%2F%2Fw%3D%3DseABdee3d%2FEnoWVFflfG4VkRGekYDQP7X5j6gzaTTZPX2m%2FfFa014Vbw4CyFgdKsatLmCCvLVAmFjlTnxVp6HlyupEEF1yNLBhvmficiebj2QBj5IouoyAUznChSbsziZ6M5RDEzPaLtOGCGyFiMKxVVd6Z%2BmZ5fvTALbBBPmfKL392rcVj5mouEkJq8zyckjv9klpdKkLY%2FLrt2PP%2Fp7QhtDwm%2BqtcL%2F%2BsHW7V7DzFKMN8Qi7WHFYrXkuB4dpGrQAcVQjyiMUhaQkY9N2D%2FojwOYo6k1Oo50TUU4fpFFbAIHs%2F2PHkpmvWjL2qy1nHubvmorJKgaGxXWMkR8pU56nXDC5ne9bvYF2DGYXeNUU5NKjRp2D9pkBhcJdqPQCXkTaJKkwfSQPtwpUbnBwg%2BSwF%2BF0O75Rzeiripkcq357vYLSv5SYzis5SVdiBAX6a8RqvEXXxjBTNYRf2ahlNnSRMrTZQr5BrwG9W6A5tsWiZGpuQCIdSYjuKxwwLXYBT%2Fe1f9fHQ5fFFNbPFFovjt8qBGk4XMJtozo5T3u6g%2BJ%2BOu0fVivXrZAvL%2FGSCePBULZRdb1r7f8ErznvpdYqlxBluR79U%2F6Az3gE9mQ%2Flgn57E%3D&nvMid=29651098618&catId=50000151
삼성전자 삼성 NT350XCR-AD3AW,"598,990원",4.8,2548,https://cr.shopping.naver.com/adcr.nhn?x=9m3N4MNzSC3R2%2B1EU68IBv%2F%2F%2Fw%3D%3Dsg5jY0yRkNTkA8pBqC15gZ0vpfuR3hcf7qo%2BVScdcf8v2m%2FfFa014Vbw4CyFgdKsaUJdCQimR6PswsHDbrD6RO%2FCNVzQGVadSElk%2F7zLPSmkPSFNYMsqTd6ZhKJUMRtrB0CHoJJHE4je%2FANZl0SaPtlVd6Z%2BmZ5fvTALbBBPmfKIM%2F%2BlQk6a1HFUK42nfWkydthpD4Jwdc83Az5X2x58XTxtDwm%2BqtcL%2F%2BsHW7V7DzFKMN8Qi7WHFYrXkuB4dpGrQAcVQjyiMUhaQkY9N2D%2FojwOYo6k1Oo50TUU4fpFFbAIHs%2F2PHkpmvWjL2qy1nHubhZ1Pjk%2FrSNdESf%2Bnb3is5a37yPCMl%2BScXQ%2FIaEGr4FRKjRp2D9pkBhcJdqPQCXkTRuc7aBQ29uUJg5fzL65tGx4Y0lxY37MoD7Zl1zvIFL0LSv5SYzis5SVdiBAX6a8R1VKEm45FnO8cApkcMcxBb7sD%2FS9I%2B2LxwdjijZ9qy3CJ6mmNgVaRKXeyElfF6QbCHJwtIOnkz4S4A0lfoHL7Wot49vHoY8vMS1fymjVAkHeakaep8CCHTdRoeCnq5VxkKlFNBYkD96lDR%2FZP5NkZ%2FMtVYavx%2B%2B8fWZa9SBc8rqM%3D&nvMid=25228867522&catId=50000151
삼성전자 갤럭시북 플렉스 NT950QCG-X716A,"1,849,000원",4.9,5133,https://cr.shopping.naver.com/adcr.nhn?x=TSXmNhnmhjkxRQbj7xDqT%2F%2F%2F%2Fw%3D%3Ds6UD1Oo9HWIchw4UfrurvF547galaYt7yaFMnlSlyZt4XtKWU5l2RZhzweonlysWafcmM6EI670Cpfgti0r69%2FJ7Y%2BUWWZA8h3z%2BnG1pwF7IN6kYJVcgcgDrgqA68fma%2FhmSzqOUTmGMSM2bT%2B66ULcv%2BjB2erv%2BZ%2Brrs5VHOiTQgGE7%2BZatKjf5hEf1XctkKt9Ixef2CvklMOzm4Nmo6wdjMLMF37IGTcafAkl8SUA3k947s3coLwGJFg%2F6MlyZpOWxMoPSAiq8H%2Bzj3XZG9aWMjnQdnL9wtXZ1LI9BLQeEQhkkHXK4%2FmSRy5icYE%2F27ZC%2BSXUxwyLUckntucAABte81vldqbNm%2F7l7GumE8FSc6JIeyjRJJG8AQSjlBThBKXHi3g0fEQQO1ik26MfVtnKH5O5plYZg3D2XvT8QyqhEiNvEAyH7XT6ObGe95mRdUKnxXc%2F49aQ2Lg8qFeaJiTk5X8tpo1uDmzppY2vA8mc87Cdc2q9IsIwQbt%2BYs7z5dfX96rb8jo4UUiUJjhICDwxGk4XMJtozo5T3u6g%2BJ%2BOu2CfplMHs%2BUdmz5Nl%2B0sVMnFJSDrvWCaTMru8hrLgH1eR79U%2F6Az3gE9mQ%2Flgn57E%3D&nvMid=21490590936&catId=50000151
삼성전자 갤럭시북 이온2 NT950XDA-X71AW,"1,998,990원",4.9,3691,https://cr.shopping.naver.com/adcr.nhn?x=1Kr2gG0Qp4VNeSOh5vRvmv%2F%2F%2Fw%3D%3DszvTeeOuGVqZCzxG%2FZZHS1yEpPNOVlF77Sz%2BuDuOGUET2JuB1xbdLlYSG9uR1HG3pwVCB58rXwdap82TeiBzRIbzsWhn8zQ%2FRHIFHVr3iCHX68z01eU2En%2BZLsHGCOcYq1LAHHcJZaMlwpPdR%2FGD4tN9%2BKy%2Fm0d%2BgYWHtEf61Jo5CNclKwvLyA%2Fys%2F%2FHPPajLCTcOtiO4BLLYWCfDMr8j7yKAIbpwv%2BC6ot980PsBr8Pac1A9eX%2F2kC2ux9IFZyvD21FxD3tUtUAa4gpRS5aIZaLj%2BvSXPWhKT0BbyrMWxS%2Bk6v2w9jBqMGR4TTsgYaQnlII%2ByYYqWVu3SSXxcjEJdKs7rMjp3MfPUkJkCWGyuEBqLzcRVswO%2FNXTrA15l4GN%2FI5Wy4%2B4iMbCDSP2g27rRUNGhxYultyv6vQKOfpOgx%2BcPfwzF9ktWcxdrcTtO8KUGoFXGpaFz0XRpf5MCMfQxl8lrAGxQ0EzF%2BmBBXtlIUAlGcAYjD5sRRtGDmIA1HVPUQi6lYD8zJJ9lkLkm062Bg1q4RxHKdKf%2Fyis4rudz3R5sTCd5WCZiFQiEZjdqUi%2Bz8g8S%2FcMO0nadrP0fwtFngN%2BQsjK6V0FLd%2Fybx7qcubNSE3OzZUT76KyqzckASmm&nvMid=25310661522&catId=50000151
LG전자 울트라PC 15UD50P-GX50K,"845,840원",4.8,631,https://cr.shopping.naver.com/adcr.nhn?x=T44NXd8v7Gld8qbnLPBJav%2F%2F%2Fw%3D%3Ds3zZx9AG%2BGvjD5TAdDnuHAr8YaaJMxlntQNDVYN9wKAD2m%2FfFa014Vbw4CyFgdKsaFFjRJXYcZvPLNL4hyMyoLfCNVzQGVadSElk%2F7zLPSmkPSFNYMsqTd6ZhKJUMRtrB0CHoJJHE4je%2FANZl0SaPtlVd6Z%2BmZ5fvTALbBBPmfKIM%2F%2BlQk6a1HFUK42nfWkyd6egq6XponL3fIUrireWvnhtDwm%2BqtcL%2F%2BsHW7V7DzFKMN8Qi7WHFYrXkuB4dpGrQAcVQjyiMUhaQkY9N2D%2FojwOYo6k1Oo50TUU4fpFFbAIHs%2F2PHkpmvWjL2qy1nHubS%2Beezni%2BC3NDdb%2FerNBgkwUjoYEmJcTGoFKmOSKPu19KjRp2D9pkBhcJdqPQCXkTulQi7%2BcYYwhrE%2BeRyY27BP7nd4xdOoljANB1FGzWqwELSv5SYzis5SVdiBAX6a8RSj3nZs7ZfjyBGMr%2B4hhmtFxnymBMau7huBRiFGHDzbGwP%2BjBeP6nFd34KdO2NVu5ADTyIIhfY8SUp%2BKp2D8PNAQu5M7GW072xjaM%2BHW3qoxyjkqrUk5jQXaAba0N%2B8BtgoTP1sN5PRTrnDlBz8tLQIVsN%2FiAcjmtIwlTUFZwg6A%3D&nvMid=25915882523&catId=50000151
삼성전자 삼성 NT350XCR-AD5AS,"691,630원",4.8,1871,https://cr.shopping.naver.com/adcr.nhn?x=FD%2B60H7T7lnhujByHI3H2v%2F%2F%2Fw%3D%3Ds52K%2FNdFJO%2Bd2YBk3jMaG6DD42HqIcOGejNzv2%2Fat0eAXtKWU5l2RZhzweonlysWa%2BxvC5mMzxU2oy036DmylQJ7Y%2BUWWZA8h3z%2BnG1pwF7IN6kYJVcgcgDrgqA68fma%2FhmSzqOUTmGMSM2bT%2B66ULcv%2BjB2erv%2BZ%2Brrs5VHOiTQgGE7%2BZatKjf5hEf1XctkKAqrvHpnlhxjDGI16q0RO7djMLMF37IGTcafAkl8SUA3k947s3coLwGJFg%2F6MlyZpOWxMoPSAiq8H%2Bzj3XZG9aWMjnQdnL9wtXZ1LI9BLQeEQhkkHXK4%2FmSRy5icYE%2F27BW36r4QZshREfg%2B3vq7RNl2QQ5l0kuo0fLF8JhYWPa46JIeyjRJJG8AQSjlBThBKp3jk9AO5BAkuk44PWMzaVkg%2BT0caKwQem2pFdtL%2Fa3wiNvEAyH7XT6ObGe95mRdUr0E05Pbj0syBjTGc%2FiT%2F9rwCaqB8YXWVLh4ECsxeNdeQp8T6uYukhy0c3BkjuEBjRapmzK%2BT4NUU%2FqGgeT4qzRLPHBVE1X9hF6ZkrnPWwIQiz3NW4J%2BD2wOE3Y2Xg4dmv4bah7WYIDDM6wLMkFt3X8cgIRCk8vtGb7Z%2FKGMSEdE%3D&nvMid=25228569522&catId=50000151
LG전자 울트라PC 15U50P-GR56K,"1,078,990원",4.8,706,https://cr.shopping.naver.com/adcr.nhn?x=1LrwmGt%2Flr0MxpdC2S4mZv%2F%2F%2Fw%3D%3DsPD5pPF7kdfJnqA7hGQiEgfkHttK38M2w%2BTr%2FCk83FaUXtKWU5l2RZhzweonlysWaJTbsa6SyAXxPtRx345BoAp7Y%2BUWWZA8h3z%2BnG1pwF7IN6kYJVcgcgDrgqA68fma%2FhmSzqOUTmGMSM2bT%2B66ULcv%2BjB2erv%2BZ%2Brrs5VHOiTQgGE7%2BZatKjf5hEf1XctkKrsfLj7H4RXtywhVVG%2BUqctjMLMF37IGTcafAkl8SUA3k947s3coLwGJFg%2F6MlyZpOWxMoPSAiq8H%2Bzj3XZG9aWMjnQdnL9wtXZ1LI9BLQeEQhkkHXK4%2FmSRy5icYE%2F27BW36r4QZshREfg%2B3vq7RNgw3XHuHYaymxoYFUCfmxTI6JIeyjRJJG8AQSjlBThBKLlZpbmEROK3GiC12p2E%2BzjjApfgVNFOVvrCUTKwezgAiNvEAyH7XT6ObGe95mRdU14Eyp9biGX9cHfSVsVplZvI0fIFRfBZUPaSLRPGc3PID%2FQ5IbpDb%2BvobSW25WtOff1XburDYW2ECtSMhPCXVqY6%2F74bs%2FzNmznhIO5N5zjXWYt1oMerOAf5DM%2FkQUd0jMX6mleJWVIabBwLoFFhIgs2OqH9l6YII5ugOGfB4CYY%3D&nvMid=25787519522&catId=50000151
삼성전자 노트북5 NT550EBZ-AD2A,"548,020원",4.8,1378,https://cr.shopping.naver.com/adcr.nhn?x=IxYpWYlTbQEcS2CuABsYJP%2F%2F%2Fw%3D%3DsKD0hOOYFROJ6xMP0Bw6%2FHWR4FLINQZTXeuN%2BMSk0eycXtKWU5l2RZhzweonlysWaE32%2FVIiKICNpXTdLH%2BysnJ7Y%2BUWWZA8h3z%2BnG1pwF7IN6kYJVcgcgDrgqA68fma%2FhmSzqOUTmGMSM2bT%2B66ULcv%2BjB2erv%2BZ%2Brrs5VHOiTQgGE7%2BZatKjf5hEf1XctkKTAFtpbtoTakndgEj1kK60djMLMF37IGTcafAkl8SUA3k947s3coLwGJFg%2F6MlyZpOWxMoPSAiq8H%2Bzj3XZG9aWMjnQdnL9wtXZ1LI9BLQeEQhkkHXK4%2FmSRy5icYE%2F27ZC%2BSXUxwyLUckntucAABtSrzqWKHkuatReJs%2FXHpFv46JIeyjRJJG8AQSjlBThBKgWdJBS1cywSveb7L3xMlCl7Kt5PjV3cXmm99p989j4kiNvEAyH7XT6ObGe95mRdUijPVuGMVOtgjOd0TlHnev6OuInwfQ1XmfH35WvRpRXaG96oetFRn7a3He%2Bm%2F2IuyeMxPp%2BN3lg%2BMd12%2F9okMqo6%2F74bs%2FzNmznhIO5N5zjWv0fTLiVciKhgq%2FuIkckEq2sjH76dOap5xLYjP%2FmvX0c2OqH9l6YII5ugOGfB4CYY%3D&nvMid=16932807264&catId=50000151
삼성전자 갤럭시북 이온2 NT950XDZ-A38AW,"1,097,980원",4.9,3219,https://cr.shopping.naver.com/adcr.nhn?x=gD4LsVsfvBN4J7IB0XdRvv%2F%2F%2Fw%3D%3Ds2tZIYnBX%2FNQHI34BrsdWu%2Fqr3QVHbl9GXMoYBVfRD6IXtKWU5l2RZhzweonlysWaYtJK3oS%2FrMZCFFkh1aAQN57Y%2BUWWZA8h3z%2BnG1pwF7IN6kYJVcgcgDrgqA68fma%2FhmSzqOUTmGMSM2bT%2B66ULcv%2BjB2erv%2BZ%2Brrs5VHOiTQgGE7%2BZatKjf5hEf1XctkK4yuIuRCLAny83poAtcYus9jMLMF37IGTcafAkl8SUA3k947s3coLwGJFg%2F6MlyZpOWxMoPSAiq8H%2Bzj3XZG9aWMjnQdnL9wtXZ1LI9BLQeEQhkkHXK4%2FmSRy5icYE%2F27BW36r4QZshREfg%2B3vq7RNo4iKJv9MjukxJm85uv0s9o6JIeyjRJJG8AQSjlBThBK0RPc4B7XtQqPLV2ttJBISwv890RJrmtCqC5iHBlJkgYiNvEAyH7XT6ObGe95mRdUYevP%2BOuzjVlxPGMyxW0NI9oiAmNwzw%2FscbWY0t0xNl9%2B9I%2FiLJhV3%2BUfY2hnQFs7XVbouO0rO8gVPdoqYOv%2FmBGk4XMJtozo5T3u6g%2BJ%2BOvKWEub4XGCVwWIPOSaD3WSIzicKoXigobsKC3%2BcdlsnOR79U%2F6Az3gE9mQ%2Flgn57E%3D&nvMid=25310659522&catId=50000151
디클 클릭북 D141+,"259,000원",4.5,1884,https://cr.shopping.naver.com/adcr.nhn?x=FRQPySz8arlXWSGhIyWCPf%2F%2F%2Fw%3D%3DsV1EOB0AgeJgKV5foSZ8mRS4dsTdpV16B0FoR9rXiyXz2JuB1xbdLlYSG9uR1HG3ppAd95qDtszhsZv%2BWxCFsArzsWhn8zQ%2FRHIFHVr3iCHX68z01eU2En%2BZLsHGCOcYq1LAHHcJZaMlwpPdR%2FGD4tN9%2BKy%2Fm0d%2BgYWHtEf61Jo5CNclKwvLyA%2Fys%2F%2FHPPajLLKvr0VIOtVQscxzeHNhdwiKAIbpwv%2BC6ot980PsBr8Pac1A9eX%2F2kC2ux9IFZyvD21FxD3tUtUAa4gpRS5aIZaLj%2BvSXPWhKT0BbyrMWxS%2Bk6v2w9jBqMGR4TTsgYaQnlII%2ByYYqWVu3SSXxcjEJdKPyZMojoA1WbjcrHXVX2UZqLzcRVswO%2FNXTrA15l4GN%2FI5Wy4%2B4iMbCDSP2g27rRYAwVxNi3trALqvCrYr6sJacPfwzF9ktWcxdrcTtO8KUlpQlQcL3X8iTYAePAuYysl86A0e8JILfIUvOj5a%2BYVtFxILb7cJUFoIurb46oWD%2FASksJWrBL3O7NZ0mrpt7kw1q4RxHKdKf%2Fyis4rudz3TU1hUp0KTVNlk5%2BZjjSQdf4AVaLA1H2wA43FIId2g7FAN%2BQsjK6V0FLd%2Fybx7qcubNSE3OzZUT76KyqzckASmm&nvMid=10776767442&catId=50000151
삼성전자 갤럭시북 프로 NT935XDB-K71A,"1,799,000원",5,1060,https://cr.shopping.naver.com/adcr.nhn?x=X9%2BBilNSLJUdPZfNrwtRIf%2F%2F%2Fw%3D%3DsKljEaFOslCvEfZfK4klFYSf5s756XwLBHgS6xkAzM2gXtKWU5l2RZhzweonlysWanROqEjCe%2BBzdweJkiBs5SsSPqCNb%2FNDWGfl8SV9Z1gqVKdwvFJchtOcVR5d%2BbLvBpsVNtq7VOqmPIHXb6PTQUMv%2BjB2erv%2BZ%2Brrs5VHOiTQgGE7%2BZatKjf5hEf1XctkKMRx7t6BfiJlgXxq%2BYB9JrtjMLMF37IGTcafAkl8SUA3k947s3coLwGJFg%2F6MlyZpOWxMoPSAiq8H%2Bzj3XZG9aWMjnQdnL9wtXZ1LI9BLQeEQhkkHXK4%2FmSRy5icYE%2F27BW36r4QZshREfg%2B3vq7RNjRnpAf3P4dAJ9b2Qz%2BCUBI6JIeyjRJJG8AQSjlBThBKqHLkjW11S1CQjCW0qx8a0t%2Be7eRm7XdP%2FxgVpHy1xg0iNvEAyH7XT6ObGe95mRdUvdlWWSVHpXDryiP7OfBXQKOuInwfQ1XmfH35WvRpRXYzKgXArVZKvjE7TIbGxD3DEaAA5Tyc6Z7jBpcGGhkiGxLPHBVE1X9hF6ZkrnPWwIRCRNrCpgza8Dw3BD3%2FAIqofQPeBK3xoJqkMdy%2Bk2xxxccgIRCk8vtGb7Z%2FKGMSEdE%3D&nvMid=27300140522&catId=50000151
삼성전자 노트북 PEN S NT950SBE-X716A,"2,389,990원",4.9,2201,https://cr.shopping.naver.com/adcr.nhn?x=JhoAT38TxgPDHm%2FyOb2a3P%2F%2F%2Fw%3D%3DstqQuV2rf9XP0C9NWXWrI1xUMptS8AjLqCve%2BARDf1x%2F2m%2FfFa014Vbw4CyFgdKsaO5u7DfUYY7onuSvk8AsGnzu8a7mruJxEte6Y9DVFagO6HbIjGR4LQUV7EJfxxFer1R6fjJGCjehc8V8z2i8krlVd6Z%2BmZ5fvTALbBBPmfKIyGCeuaKyJN763fUR2jZ7SbdunaijcDHTvuwKX7ku%2FDBtDwm%2BqtcL%2F%2BsHW7V7DzFKMN8Qi7WHFYrXkuB4dpGrQAcVQjyiMUhaQkY9N2D%2FojwOYo6k1Oo50TUU4fpFFbAIHs%2F2PHkpmvWjL2qy1nHub%2FGJiBQhdY53rrGhkpvk1Wk1iQNuT3eHCAHHnMTzP%2FAhKjRp2D9pkBhcJdqPQCXkTyOB002FUzwAtpG%2FlmZ9Q4PWeKxbGTMJcWyyQlQBiza0LSv5SYzis5SVdiBAX6a8RIKV4fd9e3YeebZm2npCmv7sD%2FS9I%2B2LxwdjijZ9qy3AU9VFyEyeDfr%2BSdkrzB7iZy8Ik2ZvPevp%2BH5q3NP3vZagWmlhFtLytnEE9HPsEug0KB0Cywfhm%2B7BsyhIqMQ6hmgJ904yy4gMQaCaEvMZxBGhopkeKUdu5q4dSKA0zkoA%3D&nvMid=16595414739&catId=50000151
삼성전자 삼성 NT350XCR-AD7AS,"827,090원",5,1012,https://cr.shopping.naver.com/adcr.nhn?x=3%2BkCgL%2FItsSeu4wRIvWLF%2F%2F%2F%2Fw%3D%3DsS1KH6LG9QVg40T20lQW8npycS2YuiJzQrc7v3cDt5peOBZmxznIgryTKD5b6cdHNYeecqDsXygZ4lnjZhOCdQ7cGevZRi%2F%2FLzoLxUNV0uYOj5jSp%2F2XDDxY%2B5JfJGKP4Zcizn4gSe1wUJHxzyRlH7bngnxQ7ssMZd09T0OjyjIyEy4L3M295pyXcataGkHEfECG3Q8m5ze36PQ%2FqAYIhpkCEGV2yT9hxwZwHyQShWIhHtyfaT31ynCnvDrP901aBstQ1DpGlykx5BcHg8lNxiYZnlrSZr8PDPdBCvs8uWtclXTdy6Sn%2F2yromYu89VyUgvxv9X4iceVmWMAQ17VLNmljVhRBzG08WFGic6%2F1PkCnmgaomyAUJUXRpYIx4sojXB2tXHiK%2BHR4anK9HPNxHVnKagDhk1Cg5do%2FRTr2KvJHGTA1ezX%2BIAdLTkNRIWsj7MR4igc%2B5zhfPlRbXelyzq9WG84DIl0dsnDYrbdK53C%2F2XKmhgPlKZcc9Oxlkno2701LFoS%2FH1GRQirDyykSZVI%2FqEbm7TVUrIRRppxdw3NBN7nc1E%2FOoCSAQcjffylm5hzxdLxP3FZn45hXk3E0L4KoDr6us%2BRKRCOTdsWr9TI%3D&nvMid=26027103522&catId=50000151
삼성전자 갤럭시북 이온 NT950XCR-A58A,"1,279,000원",4.8,1512,https://cr.shopping.naver.com/adcr.nhn?x=Hv8keGxm7r0baDQP2luwZ%2F%2F%2F%2Fw%3D%3DsmvJ6r1rnjosjFcKDsURDkVQ6p4cF8k0V4kmts%2FcYqd32JuB1xbdLlYSG9uR1HG3pjbUruUZ3prRv6SU5ukrGx27U6o%2B%2FEUH4EUDGuP9jIbvHlOtwm%2BOWsTX%2FP2O200Eh6UKgv9CGYhfJk0%2BKIFDNQN9%2BKy%2Fm0d%2BgYWHtEf61Jo5CNclKwvLyA%2Fys%2F%2FHPPajL4dI3zaZCiAkCzs%2FUQP%2BKISKAIbpwv%2BC6ot980PsBr8Pac1A9eX%2F2kC2ux9IFZyvD21FxD3tUtUAa4gpRS5aIZaLj%2BvSXPWhKT0BbyrMWxS%2Bk6v2w9jBqMGR4TTsgYaQnlII%2ByYYqWVu3SSXxcjEJdFWwuQfugyfVTyqmI1z55vtqLzcRVswO%2FNXTrA15l4GN%2FI5Wy4%2B4iMbCDSP2g27rRZxh8fLbWyHPNAf1FO13hS2cPfwzF9ktWcxdrcTtO8KUX9jGy9mTCIyAnZG9llfb6320OLX9FMVj3pENRM6eGRxrBDdn7FP1bds%2BSzEXSeBnJKYbUFAtzs%2FRYVDqRUwVD4gN%2F1NgM4LgvOAJ6Euy6vlYYFdDdxJPMHGhXPnWmsYgKXHgpJvQJHMKx8GuLwJ64VaFndIwdNwuWmKtx1HNSCrUkiyUGZ3FpPHvE7X48%2Bhb&nvMid=21496727754&catId=50000151
삼성전자 노트북9 ALWAYS NT900X3Y-AD2S,"840,480원",4.7,660,https://cr.shopping.naver.com/adcr.nhn?x=6ER7W1kiisRItDtX2xqOqf%2F%2F%2Fw%3D%3Dskf2zw0Luyxir6lFHfM4ig5ez7dB1Vj2g2oZYQzER4NoXtKWU5l2RZhzweonlysWab4fSUZQAM%2BHDZKBGtAF98cSPqCNb%2FNDWGfl8SV9Z1gqVKdwvFJchtOcVR5d%2BbLvBpsVNtq7VOqmPIHXb6PTQUMv%2BjB2erv%2BZ%2Brrs5VHOiTQgGE7%2BZatKjf5hEf1XctkK%2F8PfU38ZO%2Bbco%2FizbhngP9jMLMF37IGTcafAkl8SUA3k947s3coLwGJFg%2F6MlyZpOWxMoPSAiq8H%2Bzj3XZG9aWMjnQdnL9wtXZ1LI9BLQeEQhkkHXK4%2FmSRy5icYE%2F27ZC%2BSXUxwyLUckntucAABte0VDYEKaOsdWNHofhudLpA6JIeyjRJJG8AQSjlBThBKamIi6RQnSnRUpeiA5q9vgnwCHr7YZnUMeA8umtUsjM0iNvEAyH7XT6ObGe95mRdUGZGL0xgheH7ML6dUsgRH4qOuInwfQ1XmfH35WvRpRXZy04nWbqNy6xdHGONBf4V3JLfPRjGZd8PX48d95TTDZo6%2F74bs%2FzNmznhIO5N5zjWzoxZ5eBG2yEgkeTxj3YMLJ62FnaVk%2F5oEOsxkr%2FQXA82OqH9l6YII5ugOGfB4CYY%3D&nvMid=11479095084&catId=50000151
LG전자 그램17 17ZD90P-GX56K,"1,648,990원",4.9,635,https://cr.shopping.naver.com/adcr.nhn?x=2ZnjMPWQn8wuArTmnj764%2F%2F%2F%2Fw%3D%3Ds8%2BkUieSJfP1o8IbiLC5fsn41PprAucQcP8HQB2LWeEr2JuB1xbdLlYSG9uR1HG3pXm2D5TwsgWyTNM2PtBVegW7U6o%2B%2FEUH4EUDGuP9jIbvHlOtwm%2BOWsTX%2FP2O200Eh6UKgv9CGYhfJk0%2BKIFDNQN9%2BKy%2Fm0d%2BgYWHtEf61Jo5CNclKwvLyA%2Fys%2F%2FHPPajLPw7eecRgXqPvr0Pem5BsiyKAIbpwv%2BC6ot980PsBr8Pac1A9eX%2F2kC2ux9IFZyvD21FxD3tUtUAa4gpRS5aIZaLj%2BvSXPWhKT0BbyrMWxS%2Bk6v2w9jBqMGR4TTsgYaQnlII%2ByYYqWVu3SSXxcjEJdOZq9ZlioXlSZqRllQ6PSy1qLzcRVswO%2FNXTrA15l4GN%2FI5Wy4%2B4iMbCDSP2g27rRfQoU4mEdx%2Bk60l7s5iF%2FuGcPfwzF9ktWcxdrcTtO8KUZCOwjk%2B89IE1RXqfrssP5hU6sZi28i3NGnseOqpfqreB9qyjAZUCgpYIT2PcCEJVzrDzNL2%2BVDAdVCwd5uHlPYgN%2F1NgM4LgvOAJ6Euy6vlKjxDwo22rSVMvju0FFja9l0h8G%2BJ0gtqRZzvrn%2FSes1aFndIwdNwuWmKtx1HNSCrUkiyUGZ3FpPHvE7X48%2Bhb&nvMid=25886897522&catId=50000151
삼성전자 노트북9 ALWAYS NT950XBV-G58A,"1,389,990원",4.9,2618,https://cr.shopping.naver.com/adcr.nhn?x=b2rwOZfNEWiUariiXAENiv%2F%2F%2Fw%3D%3DsvPlYYFA5FvLUnGxvNlvyUeNYM9F2ZIGRUuD6XSsEWkj2m%2FfFa014Vbw4CyFgdKsaa4KSxlLkJns1T%2BJPOeU4%2BDu8a7mruJxEte6Y9DVFagO6HbIjGR4LQUV7EJfxxFer1R6fjJGCjehc8V8z2i8krlVd6Z%2BmZ5fvTALbBBPmfKIyGCeuaKyJN763fUR2jZ7S8T%2BMiA%2FYB4%2BjYUal9nfcWBtDwm%2BqtcL%2F%2BsHW7V7DzFKMN8Qi7WHFYrXkuB4dpGrQAcVQjyiMUhaQkY9N2D%2FojwOYo6k1Oo50TUU4fpFFbAIHs%2F2PHkpmvWjL2qy1nHublq%2Bd04ZJqkXxpagX4aVs9H08wXTHRJvd1Yt9eW5KpnRKjRp2D9pkBhcJdqPQCXkTniTexbKmDBmBlWfpZGeLwRt0PUPunDGcM4aANLz2%2FiILSv5SYzis5SVdiBAX6a8R73Y7aacJgHVaY8oCJPlQo1xnymBMau7huBRiFGHDzbFtAZj2W%2FWwqV9oHAa7uKajVhcQ5F%2Br5vtjXK8Jij3jiazAtblReXKgijai6V49kpi%2FVfRReuHkPUjAHrIdaxQnwkHrTTj18kRsF3xw7%2BNF08tVYavx%2B%2B8fWZa9SBc8rqM%3D&nvMid=16885203423&catId=50000151
