제목, 링크
2화 이게 서울의 선빵이냐?,https://comic.naver.com/webtoon/detail?titleId=783054&no=2&weekday=mon
1화 친절! 봉사! 선행!,https://comic.naver.com/webtoon/detail?titleId=783054&no=1&weekday=mon
12화 빨아봐! 기분이 좋아져!,https://comic.naver.com/webtoon/detail?titleId=783054&no=12&weekday=mon
11화 빨면 안 돼 강건마!,https://comic.naver.com/webtoon/detail?titleId=783054&no=11&weekday=mon
10화 분석충! 의사 불러!,https://comic.naver.com/webtoon/detail?titleId=783054&no=10&weekday=mon
9화 해골 원위치!,https://comic.naver.com/webtoon/detail?titleId=783054&no=9&weekday=mon
8화 아기상어 뚜루루뚜루!,https://comic.naver.com/webtoon/detail?titleId=783054&no=8&weekday=mon
7화 안경 안 벗어?,https://comic.naver.com/webtoon/detail?titleId=783054&no=7&weekday=mon
6화 마치 박태준 쇼핑몰,https://comic.naver.com/webtoon/detail?titleId=783054&no=6&weekday=mon
5화 괄약근을 맞았어!,https://comic.naver.com/webtoon/detail?titleId=783054&no=5&weekday=mon
4화 안경잡이 주제에 나를 속여?!,https://comic.naver.com/webtoon/detail?titleId=783054&no=4&weekday=mon
3화 머리! 가슴! 몸통!,https://comic.naver.com/webtoon/detail?titleId=783054&no=3&weekday=mon
22화 아 ㅅ발 꼭지도네?!,https://comic.naver.com/webtoon/detail?titleId=783054&no=22&weekday=mon
21화 오랜만에 꼭지 돌게 하는군...!,https://comic.naver.com/webtoon/detail?titleId=783054&no=21&weekday=mon
20화 워싱칭따오,https://comic.naver.com/webtoon/detail?titleId=783054&no=20&weekday=mon
19화 역시 막 사는 놈답게 화끈하군!,https://comic.naver.com/webtoon/detail?titleId=783054&no=19&weekday=mon
18화 안경 벗어,https://comic.naver.com/webtoon/detail?titleId=783054&no=18&weekday=mon
17화 드래곤 주먹!,https://comic.naver.com/webtoon/detail?titleId=783054&no=17&weekday=mon
16화 안경 안 벗어?,https://comic.naver.com/webtoon/detail?titleId=783054&no=16&weekday=mon
15화 낄낄낄 껠껠껠,https://comic.naver.com/webtoon/detail?titleId=783054&no=15&weekday=mon
14화 똥물에도 파도가 있는 법!,https://comic.naver.com/webtoon/detail?titleId=783054&no=14&weekday=mon
13화 랩과 갱은 태초부터 하나!,https://comic.naver.com/webtoon/detail?titleId=783054&no=13&weekday=mon
32화 이... 이럴 수가!,https://comic.naver.com/webtoon/detail?titleId=783054&no=32&weekday=mon
31화 더 이상 컷 낭비는 없다!,https://comic.naver.com/webtoon/detail?titleId=783054&no=31&weekday=mon
30화 똥이나 닦고 왓!,https://comic.naver.com/webtoon/detail?titleId=783054&no=30&weekday=mon
29화 난 상대가 초등학생이라도 최선을 다한다!,https://comic.naver.com/webtoon/detail?titleId=783054&no=29&weekday=mon
28화 엄마! 엄마 걸고 새끼야!,https://comic.naver.com/webtoon/detail?titleId=783054&no=28&weekday=mon
27화 나 마영웅의 꼭지를 보여주마!!!,https://comic.naver.com/webtoon/detail?titleId=783054&no=27&weekday=mon
26화 자! 다음 상대는 누구냐!,https://comic.naver.com/webtoon/detail?titleId=783054&no=26&weekday=mon
25화 아 오바지 이건 ㅆ발!,https://comic.naver.com/webtoon/detail?titleId=783054&no=25&weekday=mon
24화 핥짝,https://comic.naver.com/webtoon/detail?titleId=783054&no=24&weekday=mon
23화 대통령 선거 시작이다,https://comic.naver.com/webtoon/detail?titleId=783054&no=23&weekday=mon
42화 응애 응애,https://comic.naver.com/webtoon/detail?titleId=783054&no=42&weekday=mon
41화 108콤보 압축 주먹!!,https://comic.naver.com/webtoon/detail?titleId=783054&no=41&weekday=mon
40화 야 가서 지게 가져와!,https://comic.naver.com/webtoon/detail?titleId=783054&no=40&weekday=mon
39화 이 ㅅ끼가 라임을?,https://comic.naver.com/webtoon/detail?titleId=783054&no=39&weekday=mon
38화 이게 촉법소년의 힘이라는 거다!,https://comic.naver.com/webtoon/detail?titleId=783054&no=38&weekday=mon
37화 ㅆ바꺼 잘못하면 맞아야지!,https://comic.naver.com/webtoon/detail?titleId=783054&no=37&weekday=mon
36화 젊은이들 여긴 무신ㅅ가 아니야,https://comic.naver.com/webtoon/detail?titleId=783054&no=36&weekday=mon
35화 싸가지 없는 놈!,https://comic.naver.com/webtoon/detail?titleId=783054&no=35&weekday=mon
34화 힙합을 하는 거다!,https://comic.naver.com/webtoon/detail?titleId=783054&no=34&weekday=mon
33화 지대호가 죽었다!,https://comic.naver.com/webtoon/detail?titleId=783054&no=33&weekday=mon
